politician_id,name,party,occupation,year_of_birth,field_title,sex,education
184332,Mayra Vriesema,BÜNDNIS 90/­DIE GRÜNEN,,1999.0,,f,Politikwissenschaftlerin
183275,Lisa Schubert,Die Linke,Student*in Sozialwissenschaften,2002.0,,d,
182187,Andrea Lübcke,BÜNDNIS 90/­DIE GRÜNEN,Wissenschaftsbasierte Politikberatung,1978.0,Dr.,f,Physikerin
182836,Reza Asghari,CDU/CSU,Professor,1961.0,,m,Doktor der Wirtschaftswissenschaften
79014,Carsten Schneider,SPD,"MdB, Parlamentsgeschäftsführer im Bundestag",1976.0,,m,Bankkaufmann
175896,Alexis Giersch,AfD,Kanalsteuerer a.D.,,,m,
79097,Aydan Özoğuz,SPD,MdB,,,f,
78834,Mahmut Özdemir,SPD,"Rechtsreferendar (beurlaubt), MdB",1987.0,,m,
66563,Cansu Özdemir,Die Linke,MdHB & Studentin,1988.0,,f,
175403,Armand Zorn,SPD,MdB,1988.0,,m,"Politologe, Ökonom und Wirtschaftsjurist"
178590,Ulrich von Zons,AfD,Rechtsanwalt & Fraktionsmitarbeiter,1968.0,,m,Volljurist
182827,Vanessa-Kim Zobel,CDU/CSU,Bankkauffrau,1988.0,,f,Wirtschaftsfachwirtin (IHK geprüft)
183503,Jörg Zirwes,AfD,Kreis-und Fraktionsvorsitzender AfD Cochem-Zell,1968.0,,m,Berufssoldat a.D.
175876,Nicolas Zippelius,CDU/CSU,MdB,1987.0,,m,Bachelor Politik- und Rechtswissenschaften
175914,Diana Zimmer,AfD,Controllerin,1998.0,,f,Betriebswirtin (B.Sc.)
78902,Stefan Zierke,SPD,MdB,1970.0,,m,Werkzeugmacher Reiseverkehrskaufmann und Tourismusfachwirt
145878,Paul Ziemiak,CDU/CSU,MdB,1985.0,,m,
145732,Kay-Uwe Ziegler,AfD,MdB,1963.0,,m,Veterinäringenieur
78904,Emmi Zeulner,CDU/CSU,MdB,1987.0,,f,Examinierte Gesundheits- und Krankenpflegerin
183257,Anne Zerr,Die Linke,Gewerkschaftssekretärin,1993.0,,f,
178558,Daniel Zerbin,AfD,Professor für Kriminalwissenschaften,,,m,
178644,Christian Zaum,AfD,Lehrer,1969.0,,m,1. und 2. Staatsexamen für Lehramt Gymnasium
130692,Serdar Yüksel,SPD,,1973.0,,m,
149653,Mareike Lotte Wulf,CDU/CSU,Geschäftsführerin Bereich Bildung bei den Unternehmerverbänden Niedersachsen (UVN),1979.0,,f,Diplom Sozialwissenschaftlerin
66277,Alexander Wolf,AfD,"MdHB, Rechtsanwalt",1967.0,,m,Volljurist
135302,Janine Wissler,Die Linke,MdB,1981.0,,f,Dipl. Politologin
133683,Mechthilde Wittmann,CDU/CSU,MdB,1967.0,,f,"Bankkauffrau, Studium BWL, Jura und Maschinenbau"
150296,Christian Wirth,AfD,MdB,1963.0,Dr.,m,Rechtsanwalt
146013,Tina Winklmann,BÜNDNIS 90/­DIE GRÜNEN,MdB,1980.0,,f,Verfahrensmechanikerin für Kunststoff- und Kautschuktechnik
142259,Tobias Winkler,CDU/CSU,MdB,1978.0,,m,Dipl. sc. pol. Univ.
78916,Elisabeth Winkelmeier-Becker,CDU/CSU,MdB,1962.0,,f,"Studium der Rechtswissenschaften, Richterin am Amtsgericht a.D."
182855,Johannes Winkel,CDU/CSU,,,,m,
78914,Klaus-Peter Willsch,CDU/CSU,MdB,1961.0,,m,Dipl. Volkswirt
182209,Christin Willnat,Die Linke,Übersetzerin und Integrationshelferin,1986.0,,f,
78913,Dirk Wiese,SPD,Bundestagsabgeordneter,1983.0,,m,Jurist
175862,Klaus Wiener,CDU/CSU,MdB,1962.0,Dr.,m,"Ausbildung zum Energieanlagenelektroniker, Studium und Promotion im Fach Volkswirtschaftslehre"
145806,Wolfgang Wiehle,AfD,Bundestagsabgeordneter,1964.0,,m,Diplom-Informatiker
175895,Johannes Wiegelmann,CDU/CSU,Rechtsanwalt,1993.0,,m,Volljurist
78817,Kai Whittaker,CDU/CSU,MdB,1985.0,,m,
175968,Sven Wendorf,AfD,Verwaltungsfachangestellter,1972.0,,m,Verwaltungsfachangestellter
175867,Maria-Lena Weiss,CDU/CSU,MdB,1981.0,Dr.,f,Juristin
175015,Claudia Weiss,AfD,"Referentin für Arbeit, Gesundheit, Soziales und Gleichstellung",1975.0,,f,Pflegedienstleiterin
78919,Anja Weisgerber,CDU/CSU,MdB,1976.0,,f,Rechtsanwältin
175947,Mathias Weiser,AfD,kaufmännischer Leiter,1986.0,,m,M.A.
108379,Alice Weidel,AfD,"MdB, Fraktionsvorsitzende AfD im Bundestag",1979.0,,f,Volkswirtin
175409,Carmen Wegge,SPD,MdB,1989.0,,f,Juristin
78805,Nina Warken,CDU/CSU,MdB,1979.0,,f,Rechtsanwältin
165836,Daniel Walter,SPD,,1991.0,,m,LL.M. European Law
175464,Maja Wallstein,SPD,MdB,1986.0,,f,
182890,Siegfried Walch,CDU/CSU,Landrat,1984.0,,m,
175309,Sascha Wagner,Die Linke,Angestellter Fraktionsgeschäftsführer,1980.0,,m,
175584,Johannes Wagner,BÜNDNIS 90/­DIE GRÜNEN,Arzt in Weiterbildung zum Kinderarzt,1991.0,,m,Humanmediziner
175410,Carolin Wagner,SPD,MdB,1982.0,Dr.,f,Germanistin
145969,Robin Wagener,BÜNDNIS 90/­DIE GRÜNEN,MdB,1980.0,,m,Jurist
146020,Niklas Wagener,BÜNDNIS 90/­DIE GRÜNEN,Student,1998.0,,m,Forstwirtschaft
78818,Johann Wadephul,CDU/CSU,MdB,1963.0,Dr.,m,Jurist
78938,Dirk Vöpel,SPD,MdB,1971.0,,m,
146784,Marja-Liisa Völlers,SPD,MdB,1984.0,,f,
66002,Christoph de Vries,CDU/CSU,MdB,1974.0,,m,Diplom-Soziologe
183219,Sarah Vollath,Die Linke,Leitung oGts,1995.0,,f,Sozialarbeiterin
182876,Johannes Volkmann,CDU/CSU,Büroleiter von MdEP Dr. Sven Simon,,,m,M.Sc. in Contemporary Chinese Studies
170273,Donata Vogtschmidt,Die Linke,,1998.0,,f,Staatswissenschaftlerin
145876,Oliver Vogt,CDU/CSU,MdB,1977.0,Dr.,m,Diplom-Physiker
182935,Ingo Vogel,SPD,,,,m,
145877,Kerstin Vieregge,CDU/CSU,MdB,1976.0,,f,Betriebswirtin
78944,Julia Verlinden,BÜNDNIS 90/­DIE GRÜNEN,"Mitglied des Bundestags, stellvertretende Fraktionsvorsitzende von Bündnis 90/Die Grünen",1979.0,Dr.,f,Diplom Umweltwissenschaften & Promotion
31073,Isabelle Vandre,Die Linke,,1989.0,,f,Politikwissenschaftlerin
183231,Aaron Valent,Die Linke,,1997.0,,m,Auszubildender
183483,Martina Uhr,AfD,,,,f,
175599,Katrin Uhlig,BÜNDNIS 90/­DIE GRÜNEN,MdB,1982.0,,f,
175419,Derya Türk-Nachbaur,SPD,MdB und Pädagogische Fachkraft,1973.0,,f,Versicherungsfachfrau
136824,Markus Töns,SPD,MdB,1964.0,,m,M.A. Politikwissenschaften
78821,Carsten Träger,SPD,MdB,1973.0,,m,Diplom-Kommunikationswirt
175394,Anja Troff-Schaffarzyk,SPD,MdB,1969.0,,f,Dipl.-Pädagogin
180245,Bastian Treuheit,AfD,Kaufmännischer Angestellter in leitender Funktion,1998.0,,m,
175351,Gerhard Trabert,Die Linke,"Hochschullehrer, Sozial-Mediziner",1956.0,Prof. Dr.,m,"Diplom-Sozialpädagoge, Arzt für Allgemeinmedizin und Notfallmedizin"
78958,Astrid Timmermann-Fechter,CDU/CSU,MdB,1963.0,,f,Selbstständige Unternehmerin
108605,Alexander Throm,CDU/CSU,MdB,1968.0,,m,Volljurist
178690,Ulrich Thoden,Die Linke,Berufsschullehrer,1973.0,,m,Diplom-Theologe
78960,Michael Thews,SPD,MdB,1964.0,,m,Diplom Chemie-Ingenieur
158687,Hans Theiss,CDU/CSU,Arzt und Professur für Innere Medizin,1977.0,Prof. Dr.,m,Medizinstudium
138346,Roland Theis,CDU/CSU,Landtagsabgeordneter,1980.0,,m,Jurist
181949,Robert Teske,AfD,Mitglied des Bundestages,1990.0,,m,Speditionskaufmann
175538,Awet Tesfaiesus,BÜNDNIS 90/­DIE GRÜNEN,Partnerin einer Kanzlei,1974.0,,f,Rechtsanwältin
158594,Tobias Teich,AfD,,,,m,
182828,Vivian Tauschwitz,CDU/CSU,Master Internationale Beziehungen - Rechtswissenschaften,1994.0,,f,Zeitsoldatin
175488,Ruppert Stüwe,SPD,MdB,1978.0,,m,Dipl. Volkswirt
177578,Christina Stumpp,CDU/CSU,MdB,1987.0,,f,"Steuerrechtlerin LL.B., Verwaltungswirtin"
182851,Hendrik Streeck,CDU/CSU,,1977.0,,m,Virologe
175953,Otto Strauß,AfD,Geschäftsführer in einem Betrieb für Luft- und Raumfahrt,1954.0,,m,Dachdeckermeister
182862,Katja Strauss-Köster,CDU/CSU,Bürgermeisterin der Stadt Herdecke,1970.0,Dr.,f,Studium der Raumplanung
78976,Stephan Stracke,CDU/CSU,MdB,1974.0,,m,Volljurist
29202,Beatrix von Storch,AfD,MdB,1971.0,,f,Juristin
78979,Dieter Stier,CDU/CSU,MdB,1964.0,,m,Dipl. Ing. agr.
78939,Christian von Stetten,CDU/CSU,MdB,1970.0,,m,selbstständiger Kaufmann
175972,Thomas Stephan,AfD,Versicherungsvermittler,1970.0,,m,Selbst. Versicherungs- und Finanzanlagenfachmann
164996,Hanna Steinmüller,BÜNDNIS 90/­DIE GRÜNEN,MdB,1993.0,,f,Sozialwissenschaftlerin
78797,Johannes Steiniger,CDU/CSU,MdB,1987.0,,m,Gymnasiallehrer
182839,Sebastian Steineke,CDU/CSU,"Rechtsanwalt, MdB",1973.0,,m,Volljurist
183064,Sandra Stein,BÜNDNIS 90/­DIE GRÜNEN,Familienunternehmerin,1986.0,,f,B.A. in Medienwissenschaft & Philosophie
139062,Ralf Stegner,SPD,MdB,1959.0,,m,"Studium der Politikwissenschaft, Geschichte und Germanistik"
78981,Albert Stegemann,CDU/CSU,MdB,1976.0,,m,Landwirtschaftsmeister
78988,Wolfgang Stefinger,CDU/CSU,MdB,1985.0,,m,
66475,Till Steffen,BÜNDNIS 90/­DIE GRÜNEN,MdB,1973.0,Dr.,m,Rechtsanwalt und Fachanwalt für Verwaltungsrecht
183211,Julia-Christina Stange,Die Linke,Fachkinderkrankenschwester,1978.0,,f,Fachkinderkrankenschwester
145898,Katrin Staffler,CDU/CSU,MdB,1981.0,,f,Biochemikerin M.Sc.
78996,Svenja Stadler,SPD,MdB,1976.0,,f,Senior-PR-Beraterin
145723,René Springer,AfD,MdB,1979.0,,m,Meister Elektrotechnik / Politikwissenschaftler M.A.
78993,Jens Spahn,CDU/CSU,MdB,1980.0,,m,Bankkaufmann
78992,Tino Sorge,CDU/CSU,MdB,1975.0,,m,Jurist
164992,Nyke Slawik,BÜNDNIS 90/­DIE GRÜNEN,Bundestagsabgeordnete,1994.0,,f,Wissenschaftliche Mitarbeiterin
145888,Björn Simon,CDU/CSU,MdB,1981.0,,m,
78831,Thomas Silberhorn,CDU/CSU,MdB,1968.0,,m,Rechtsanwalt
145823,Martin Sichert,AfD,MdB,1980.0,,m,Diplom-Kaufmann
175519,Lina Seitzl,SPD,MdB,1989.0,Dr.,f,wissenschaftliche Mitarbeiterin und Hochschuldozentin
182873,Nora Seitz,CDU/CSU,,,,f,
183482,Dario Seifert,AfD,,,,m,
78825,Detlef Seif,CDU/CSU,MdB,1962.0,,m,Studium der Rechtswissenschaften
176316,Stefan Seidler,fraktionslos,MdB,1979.0,,m,Master of Science
175370,Evelyn Schötz,Die Linke,Allgemeinpsychiatrische Station bei den Bezirkskliniken Mittelfranken,1961.0,,f,staatlich anerkannte Altenpflegerin
158733,Marlene Schönberger,BÜNDNIS 90/­DIE GRÜNEN,Politikwissenschaftlerin an der LMU München,1990.0,,f,Politikwissenschaftlerin M.A.
175522,Johannes Schätzl,SPD,MdB,1993.0,,m,Informatiker
175649,Sebastian Schäfer,BÜNDNIS 90/­DIE GRÜNEN,MdB,1979.0,Dr.,m,Wirtschaftswissenschaftler
175580,Jamila Anna Schäfer,BÜNDNIS 90/­DIE GRÜNEN,MdB,1993.0,,f,
180854,Ines Schwerdtner,Die Linke,Publizistin,1989.0,,f,
79001,Rita Schwarzelühr-Sutter,SPD,"Parlamentarische Staatssekretärin, MdB",1962.0,,f,Diplom-Betriebswirtin
79000,Andreas Schwarz,SPD,MdB,1965.0,,m,Dipl. Betriebswirt (FH)
78999,Stefan Schwartze,SPD,MdB,1974.0,,m,Industriemechaniker
78998,Frank Schwabe,SPD,MdB,1970.0,,m,Gästeführer
131019,Svenja Schulze,SPD,Bundesministerin für Wirtschaftliche Zusammenarbeit und Entwicklung und MdB,1968.0,,f,Germanistin und Politikwissenschaftlerin (Magister) und Unternehmensberaterin
145770,Uwe Schulz,AfD,MdB,1961.0,,m,Siehe Lebenslauf
182848,Marvin Schulz,CDU/CSU,,,,m,
175905,Bernd Schuhmann,AfD,,,,m,Gartenbaumeister
170151,Stefan Schröder,AfD,Referent,1983.0,,m,M.A. Geschichtswissenschaften
183529,Georg Schroeter,AfD,,,,m,
121738,Michael Schrodi,SPD,MdB,1977.0,,m,"Gymnasiallehrer für Deutsch, Geschichte und Sozialkunde"
108783,Felix Schreiner,CDU/CSU,MdB,1986.0,,m,
29441,Johannes Schraps,SPD,MdB,1983.0,,m,"Politikwissenschaften, M.A."
66924,Olaf Scholz,SPD,"Bundeskanzler der Bundesrepublik Deutschland,MdB",1958.0,,m,Rechtsanwalt
78836,Patrick Schnieder,CDU/CSU,MdB,1968.0,,m,Jurist
176576,Julia Schneider,BÜNDNIS 90/­DIE GRÜNEN,Regierungsrätin a. P.,1990.0,,f,Master of European Studies & Master of Intercultural Communication Studies
140944,Uwe Schmidt,SPD,Mitglied des Bundestages,1966.0,,m,Hafenfacharbeiter
121977,Stefan Schmidt,BÜNDNIS 90/­DIE GRÜNEN,MdB,1981.0,,m,"Lehramt Hauptschullehrer, Schwerpunkt Sozialkunde"
182821,Sebastian Schmidt,CDU/CSU,Betriebsratsvorsitzender,1993.0,,m,staatlich geprüfter Betriebswirt
108815,Paul Schmidt,AfD,Betriebsphysiker in der Energieerzeugung,1966.0,,m,"Dr. rer. nat. (Biophysik), M.S. und B.S. in Physik"
145768,Julian Schmidt,AfD,Büroleiter,1989.0,,m,"Wirtschaftsingenieur, Fluggerätmechaniker"
152755,Jan Wenzel Schmidt,fraktionslos,MdB,1991.0,,m,"Handelsfachwirt, Meister für Schutz und Sicherheit"
66004,Henri Schmidt,CDU/CSU,Geschäftsführer eines mittelständischen IT Unternehmens,1983.0,,m,"Offizier, Studium (Politikwissenschaften, Betriebswirtschaftslehre)"
79036,Dagmar Schmidt,SPD,MdB,1973.0,,f,Historikerin
108960,Nils Schmid,SPD,MdB,1973.0,,m,Jurist
141311,Christoph Schmid,SPD,MdB,,,m,
175286,David Schliesing,Die Linke,"Dramaturg, Audioredakteur",1983.0,,m,Diplom-Schauspielregiesseur
175942,Manfred Schiller,AfD,,1961.0,,m,Radio- und Fernsehtechniker
180235,Carina Schießl,AfD,,1990.0,,f,Medizinisch-technische Laboratoriumsassistentin
168672,Lars Schieske,AfD,,1977.0,,m,
123546,Ulrike Schielke-Ziesing,AfD,MdB,1969.0,,f,Verwaltungswirt
175017,Volker Scheurell,AfD,Tischler und Dachdecker,1967.0,,m,Handwerker
170325,Christiane Schenderlein,CDU/CSU,MdB und MdL,1981.0,Dr.,f,Politikwissenschaftlerin
175956,Raimond Scheirich,AfD,,,,m,Diplom Ingenieur
79023,Nina Scheer,SPD,MdB,1971.0,Dr.,f,"Musikstudium, Jurastudium, Politikwissenschaftliche Promotion"
79021,Ulle Schauws,BÜNDNIS 90/­DIE GRÜNEN,MdB,1966.0,,f,"Film-, Fernseh-, Politikwissenschaften und Geschichte"
175904,Bernd Schattner,AfD,Geschäftsführer,1968.0,,m,Verwaltungsfachangestellter
182856,Carl-Philipp Sassenrath,CDU/CSU,,1990.0,,m,Jurastudium
175836,Catarina dos Santos-Wintz,CDU/CSU,MdB,1994.0,,f,Juristin
184320,Zada Salihović,Die Linke,Gewerkschafterin,2000.0,,f,
175594,Kassem Taher Saleh,BÜNDNIS 90/­DIE GRÜNEN,MdB,1993.0,,m,Diplom-Ingenieur
79032,Johann Saathoff,SPD,MdB,1967.0,,m,Diplom-Verwaltungswirt (FH)
79051,Bernd Rützel,SPD,MdB,1968.0,,m,Technischer Oberamtsrat a.D.
79046,Corinna Rüffer,BÜNDNIS 90/­DIE GRÜNEN,MdB,1975.0,,f,
73300,Thomas Röwekamp,CDU/CSU,MdB,1966.0,,m,Rechtsanwalt und Notar
79043,Norbert Röttgen,CDU/CSU,MdB,1965.0,Dr.,m,Studium der Rechtswissenschaften
79047,Albert Rupprecht,CDU/CSU,MdB,1968.0,,m,Dipl. Volkswirt
145843,Ruben Rupp,AfD,Wissenschaftlicher Referent,1990.0,,m,"B.Sc. der Wirtschaftswissenschaften, Kaufmann im Einzelhandel"
182913,Daniela Rump,SPD,,1996.0,,f,Jurastudentin
183489,Angela Rudzka,AfD,Referentin im niedersächsischen Landtag,1984.0,,f,Kauffrau für Büromanagement und Friseurin
175502,Thorsten Rudolph,SPD,MdB,1974.0,Dr.,m,Diplom-Volkswirt und promovierter Literaturwissenschaftler
145872,Stefan Rouenhoff,CDU/CSU,MdB,1978.0,,m,"Ausgebildeter Bauzeichner, Diplom-Volkswirt, Politikwissenschaftler (MA)"
182949,Philipp Rottwilm,SPD,Bürgermeister,1984.0,Dr.,m,Diplom-Kaufmann
165158,Rainer Rothfuß,AfD,MdB,1971.0,Dr.,m,Dipl.-Geograph
182900,Johannes Rothenberger,CDU/CSU,Rechtsanwalt,,,m,Studium der Politik- und Rechtswissenschaft
79041,Claudia Roth,BÜNDNIS 90/­DIE GRÜNEN,MdB,1955.0,,f,Dramaturgin
146839,Sebastian Roloff,SPD,MdB,1983.0,,m,Jurist
30936,Lars Rohwer,CDU/CSU,MdB,1972.0,,m,Bankkaufmann
79066,Dennis Rohde,SPD,MdB,1986.0,,m,Jurist
146806,Daniel Rinkert,SPD,MdB,1987.0,,m,Jurist
183055,Sylvia Rietenberg,BÜNDNIS 90/­DIE GRÜNEN,,,,f,
181741,Matthias Rentzsch,AfD,,1977.0,,m,
121673,Martin Erwin Renner,AfD,MdB,1954.0,,m,Diplom-Betriebswirt
180856,Lea Reisner,Die Linke,MdB Mitarbeiterin,1989.0,,f,Gesundheits- und Krankenpflegerin
146043,Anja Reinalter,BÜNDNIS 90/­DIE GRÜNEN,Mitglied des Deutschen Bundestages,1970.0,Dr.,f,Professorin für Soziale Arbeit
149570,Heidi Reichinnek,Die Linke,Mitglied des Bundestags,1988.0,,f,pädagogische Mitarbeiterin in der Jugendhilfe
175869,Markus Reichel,CDU/CSU,Selbstständiger Unternehmer,1968.0,Dr.,m,Promovierter Wirtschaftsmathematiker
182905,Truels Reichardt,SPD,Angestellter,1994.0,,m,Sozialarbeiter / Sozialpädagoge mit staatlicher Anerkennung
150298,Martin Reichardt,AfD,MdB,1969.0,,m,Offizier und Pädagoge
175940,Lukas Rehm,AfD,,,,m,
130301,Henning Rehbaum,CDU/CSU,MdB,1973.0,,m,Dipl.-Betriebswirt (FH)
182879,Pascal Reddig,CDU/CSU,Rechtsanwalt,1995.0,,m,Volljurist
183533,Christian Reck,AfD,,1987.0,,m,
182324,Arne Onni Raue,AfD,Bürgermeister,1970.0,,m,"Baufacharbeiter, DiplomVerwaltungswirt (FH)"
31607,Bodo Ramelow,Die Linke,"MdB, Bundestagsvizepräsident",1956.0,,m,Kaufmann
79067,Alois Rainer,CDU/CSU,MdB,1965.0,,m,Metzgermeister
79069,Alexander Radwan,CDU/CSU,MdB,1964.0,,m,Rechtsanwalt und Diplom-Ingenieur
79070,Kerstin Radomski,CDU/CSU,MdB,1974.0,,f,Lehrerin für Biologie und Erdkunde
79071,Thomas Rachel,CDU/CSU,MdB,1962.0,,m,"Studium der Politologie, der Geschichte und des Staatsrechts"
79073,Martin Rabanus,SPD,MdB,1971.0,,m,Ministerialrat
179282,Marcel Queckemeyer,AfD,,,,m,
182865,Oliver Pöpsel,CDU/CSU,Agenturleiter Versicherungen,1973.0,,m,
183481,Kerstin Przygodda,AfD,,,,f,
121997,Stephan Protschka,AfD,MdB,1977.0,,m,
182896,David Preisendanz,CDU/CSU,Syndikusrechtsanwalt,1984.0,Dr.,m,Rechtsanwalt
79077,Sabine Poschmann,SPD,MdB,1968.0,,f,Betriebswirtin (VWA)
136013,Filiz Polat,BÜNDNIS 90/­DIE GRÜNEN,MdB,1978.0,,f,Diplom-Volkswirtin
178149,Jan-Wilhelm Pohlmann,CDU/CSU,MdL,1986.0,,m,B. A. Politik- und Verwaltungswissenschaft
175871,Martin Plum,CDU/CSU,MdB,1982.0,Dr.,m,Richter am Arbeitsgericht a.D.
66005,Christoph Ploß,CDU/CSU,MdB,1985.0,Dr.,m,Historiker
149389,Boris Pistorius,SPD,"Bundesverteidigungsminister, MdB",1960.0,,m,Jurist
145901,Stephan Pilsinger,CDU/CSU,MdB,1987.0,,m,Arzt
31707,Paula Piechotta,BÜNDNIS 90/­DIE GRÜNEN,MdB,1986.0,Dr.,f,Ärztin
122063,Tobias Matthias Peterka,AfD,MdB,1982.0,,m,
146117,Sören Pellmann,Die Linke,Bundestagabgeordneter,1977.0,,m,"Studium Rechtswissenschaft, Lehramt an Förderschulen"
175443,Jens Peick,SPD,MdB,1981.0,,m,Diplom Verwaltungswirt (FH)
146824,Natalie Pawlik,SPD,MdB,1992.0,,f,Geschichts- und Kulturwissenschaften B.A.
79090,Lisa Paus,BÜNDNIS 90/­DIE GRÜNEN,MdB,1968.0,,f,Diplom Volkswirtin
182877,Thomas Pauls,CDU/CSU,Projektmanager in der Strategie,1986.0,Dr.,m,Wirtschaftswissenschaftler
184319,Denis Pauli,AfD,Bauingenieur,1978.0,,m,
145700,Andreas Paul,AfD,Offizier,1978.0,,m,Staatl. gepr. Betriebswirt
175374,Luigi Pantisano,Die Linke,,1979.0,,m,Dipl.-Ing. Architekt und Stadtplaner
136381,Christos Pantazis,SPD,MdB,1975.0,Dr.,m,Arzt
79108,Florian Oßner,CDU/CSU,MdB,1980.0,,m,Diplom-Volkswirt (Uni)
145808,Gerold Otten,AfD,MdB,1955.0,,m,Oberst d.R. a.D.
175593,Karoline Otte,BÜNDNIS 90/­DIE GRÜNEN,MdB,1996.0,,f,Kreisinspektorin
145890,Josef Oster,CDU/CSU,MdB,1971.0,,m,Diplom-Verwaltungswirt (FH)
146867,Josephine Ortleb,SPD,MdB,1986.0,,f,Fachwirtin im Gastgewerbe
182887,Harald Orthey,CDU/CSU,,,,m,Verwaltungsbetriebswirt
175848,Florian Oest,CDU/CSU,,1987.0,,m,Master of Business Administration
79106,Wilfried Oellers,CDU/CSU,MdB,1975.0,,m,Rechtsanwalt
79103,Omid Nouripour,BÜNDNIS 90/­DIE GRÜNEN,MdB,1975.0,,m,
78819,Konstantin von Notz,BÜNDNIS 90/­DIE GRÜNEN,MdB,1971.0,Dr.,m,Jurist
145764,Jan Ralf Nolte,AfD,MdB,1988.0,,m,Kaufmännischer Assistent für Fremdsprachen und Bürokommunikation
110154,Iris Nieland,AfD,Mitglied des Deutschen Bundestages,1960.0,,f,Bankkauffrau
121794,Ophelia Nick,BÜNDNIS 90/­DIE GRÜNEN,MdB,1973.0,Dr.,f,Tierärztin
184031,Charlotte Neuhäuser,Die Linke,,1998.0,,f,
175916,Edgar Naujok,AfD,Unternehmer,1960.0,,m,DV Kaufmann
175484,Rasha Nasr,SPD,MdB,1992.0,,f,Politikwissenschaftlerin
175643,Sara Nanni,BÜNDNIS 90/­DIE GRÜNEN,MdB,1987.0,,f,Friedens- und Konfliktforscherin
130574,Stefan Nacke,CDU/CSU,MdB,1976.0,Dr.,m,"Sozialethiker, Dr. phil."
78838,Rolf Mützenich,SPD,MdB,1959.0,Dr.,m,Poltikwissenschaftler
145795,Sebastian Münzenmaier,AfD,"MdB, Fraktionsgeschäftsführer",1989.0,,m,
145867,Sepp Müller,CDU/CSU,MdB,1989.0,,m,diplomierter Bankbetriebswirt
146018,Sascha Müller,BÜNDNIS 90/­DIE GRÜNEN,MdB,1970.0,,m,Sportjournalist
175894,Florian Müller,CDU/CSU,MdB,1987.0,,m,Bachelor of Arts Arbeitsmarktmanagement und Master of Arts
121017,Claudia Müller,BÜNDNIS 90/­DIE GRÜNEN,MdB,1981.0,,f,Betriebswirtschaft
79116,Carsten Müller,CDU/CSU,MdB,1970.0,,m,"Bankkaufmann, Rechtsanwalt"
145896,Axel Müller,CDU/CSU,MdB,1963.0,,m,
97972,Stefan Möller,AfD,"MdB, Rechtsanwalt",1975.0,,m,Volljurist
146780,Siemtje Möller,SPD,MdB,1983.0,,f,Lehrerin
182888,Christian Moser,CDU/CSU,Jurist beim Freistaat,,,m,
176762,Matthias Moosdorf,AfD,MdB,1965.0,,m,Diplom
146801,Claudia Moll,SPD,MdB,1968.0,,f,"staatlich anerkannte examinierte Altenpflegerin, Fachkraft für Gerontopsychiatrie"
158609,Reinhard Mixl,AfD,,,,m,
108876,Sahra Mirow,Die Linke,Bundestagsabgeordnete,1984.0,,f,Sinologin
166077,Sergej Minich,AfD,,1987.0,,m,Wirtschaftsingenieur
145984,Boris Mijatović,BÜNDNIS 90/­DIE GRÜNEN,MdB,1974.0,,m,Politikwissenschaftler
79129,Irene Mihalic,BÜNDNIS 90/­DIE GRÜNEN,MdB,1976.0,Dr.,f,Polizeibeamtin
175471,Matthias Mieves,SPD,MdB,1985.0,,m,Dipl.-Kaufmann
79133,Matthias Miersch,SPD,MdB,1968.0,Dr.,m,Jurist
79132,Mathias Middelberg,CDU/CSU,MdB,1964.0,,m,Studium der Rechtswissenschaften
168396,Kathrin Michel,SPD,MdB,1963.0,,f,"Industriekauffrau, Personalmanagerin"
145921,Swantje Michaelsen,BÜNDNIS 90/­DIE GRÜNEN,Geschäftsführerin ADFC Hannover,1979.0,,f,
183528,Knuth Meyer-Soltau,AfD,Rechtsanwalt/ Justiziar LV AfD NRW / Referent AfD Fraktion LT NRW,1965.0,,m,Rechtsanwalt und Fachanwalt für Strafrecht
78847,Jan Metzler,CDU/CSU,MdB,1981.0,,m,Dipl. Betriebswirt (FH) und MA International Management
118559,Friedrich Merz,CDU/CSU,MdB,1955.0,,m,Rechtsanwalt
183186,Stella Merendino,Die Linke,,,,f,
79135,Michael Meister,CDU/CSU,MdB,1961.0,Dr.,m,Diplom-Mathematiker
117904,Pascal Meiser,Die Linke,Mitglied des Deutschen Bundestags,1975.0,,m,Diplom-Politikwissenschaftler
145703,Danny Meiners,AfD,Metallbaumeister,1979.0,,m,"Metallbaumeister, Schweißfachmann, Stabsunteroffizier a.D. (Nachschub)"
183154,Tamara Mazzi,Die Linke,Lehrerin/Ratsfrau,1992.0,,f,Lehrerin
175888,Volker Mayer-Lay,CDU/CSU,MdB,1981.0,,m,Jurist
175679,Zoe Mayer,BÜNDNIS 90/­DIE GRÜNEN,MdB,1995.0,Dr.,f,Doktorin der Ingenieurwissenschaften
79134,Stephan Mayer,CDU/CSU,MdB,1973.0,,m,Rechtsanwalt
180259,Andreas Mayer,AfD,Wissenschaftlicher Referent,1995.0,,m,Luft- und Raumfahrttechnik-Ingenieur
145741,Markus Matzerath,AfD,Polizeibeamter,1970.0,,m,
79141,Andreas Mattfeldt,CDU/CSU,MdB,1969.0,,m,Industriekaufmann
79140,Katja Mast,SPD,MdB,1971.0,,f,Bankkauffrau
121799,Parsa Marvi,SPD,MdB,1982.0,,m,Diplom-Betriebswirt (BA)
174133,Johann Martel,AfD,Technischer Fachwirt,1979.0,,m,"Kfz-Mechaniker, Technischer Fachwirt"
30917,Holger Mann,SPD,MdB,1979.0,,m,M.A. Politikwissenschaften
146837,Isabel Mackensen-Geis,SPD,MdB,1986.0,,f,Fachreferentin / Politikwissenschaftlerin
175863,Klaus Mack,CDU/CSU,MdB,1973.0,,m,Diplom Verwaltungswirt (FH)
110102,Tanja Machalet,SPD,MdB,1974.0,Dr.,f,Dipl. Volkswirtin
123031,Sebastian Maack,AfD,Bezirksstadtrat,1969.0,,m,Diplom Wirtschaftsingenieur
118131,Anna Lührmann,BÜNDNIS 90/­DIE GRÜNEN,Juniorprofessorin (Uni Göteborg),1983.0,Dr.,f,Politikwissenschaftlerin
175406,Bettina Lugk,SPD,Bundestagsabgeordnete,1982.0,,f,"Geowissenschaftlerin, Verwaltungsfachwirtin"
30789,Saskia Ludwig,CDU/CSU,MdL,1968.0,Dr.,f,Diplom-Kauffrau
79146,Daniela Ludwig,CDU/CSU,MdB,1975.0,,f,Diplom-Juristin Univ
79147,Jan-Marco Luczak,CDU/CSU,MdB,1975.0,Dr.,m,"Jurist, Rechtsanwalt"
175624,Max Lucks,BÜNDNIS 90/­DIE GRÜNEN,MdB,1997.0,,m,B.A. Sozialwissenschaften
145742,Rüdiger Lucassen,AfD,"MdB, Obmann im Verteidigungsausschuss",1951.0,,m,Wirschafts- und Organisationswissenschaften (Dipl.-Kfm.)
175557,Denise Loop,BÜNDNIS 90/­DIE GRÜNEN,Angestellte im öffentlichen Dienst,1994.0,,f,Sozialarbeiterin
79150,Patricia Lips,CDU/CSU,MdB,1963.0,,f,Handelsfachwirtin
79149,Carsten Linnemann,CDU/CSU,MdB,1977.0,,m,Diplom-Volkswirt
79192,Andrea Lindholz,CDU/CSU,MdB,1970.0,,f,Rechtsanwältin
146804,Helge Lindh,SPD,,,,m,
136080,Helge Limburg,BÜNDNIS 90/­DIE GRÜNEN,,,,m,
138463,Esra Limbacher,SPD,Mdb,1989.0,,m,Jurist
79194,Andreas Lenz,CDU/CSU,MdB,1981.0,Dr.,m,Diplom-Betriebswirt
175959,Sascha Lensing,AfD,"Polizeibeamter, Kriminalhauptkommissar",1973.0,,m,Polizeivollzugsbeamter
183114,Rebecca Lenhard,BÜNDNIS 90/­DIE GRÜNEN,Selbstständige IT-Beraterin,1995.0,,f,Informatik B.Sc.
79199,Steffi Lemke,BÜNDNIS 90/­DIE GRÜNEN,Mitglied des Deutschen Bundestages,1968.0,,f,Zootechnikerin
175323,Sonja Lemke,Die Linke,,1991.0,,f,
145948,Sven Lehmann,BÜNDNIS 90/­DIE GRÜNEN,MdB,1979.0,,m,Politikwissenschaftler (M.A.)
118790,Jens Lehmann,CDU/CSU,MdB,1967.0,,m,Instandhaltungsmechaniker und staatl. geprüfter Erzieher
79205,Caren Lay,Die Linke,Bundestagsabgeordnete,1972.0,,f,Dipl.-Soziologin
79215,Karl Lauterbach,SPD,"Bundesminister für Gesundheit, MdB",1963.0,Prof. Dr.,m,
78812,Silke Launert,CDU/CSU,MdB,1976.0,Dr.,f,Juristin
122336,Ina Latendorf,Die Linke,Mitglied des Bundestags,1971.0,,f,Juristin
130072,Armin Laschet,CDU/CSU,MdB,1961.0,,m,Jurist
79214,Ulrich Lange,CDU/CSU,MdB,1969.0,,m,Rechtsanwalt
164990,Ricarda Lang,BÜNDNIS 90/­DIE GRÜNEN,MdB,1994.0,,f,
159482,Pierre Lamely,AfD,Selbstständig in Sportberichterstattung und -organisation,1981.0,,m,Heizungs- und Lüftungsmonteur
168310,Thomas Ladzinski,AfD,Berater im IT Projektmanagement,1989.0,,m,Diplom-Ingenieur
183522,Anna Leonore Labitzke Rathert,AfD,Rechtsanwältin,1977.0,Dr.,f,Rechtsanwältin
178656,Jan Köstering,Die Linke,KFZ-Mechatroniker,1997.0,,m,KFZ-Mechatroniker
165168,Konrad Körner,CDU/CSU,Rechtsanwalt,1992.0,Dr.,m,"Rechtsassessor (Ass.iur), Master of Laws (LL.M.)"
79238,Carsten Körber,CDU/CSU,MdB,1979.0,,m,Studium der Politikwissenschaft und Betriebswirtschaft
121468,Jörn König,AfD,MdB,1967.0,,m,Dipl.-Ing. Elektrotechnik (MBA)
175831,Anne König,CDU/CSU,MdB,1984.0,,f,Gesamtschulrektorin
182820,Daniel Kölbl,CDU/CSU,Firmenkundenbetreuer bei einem deutschen Kreditinstitut,,,m,Bankkaufmann mit Masterabschluss
184033,Cansın Köktürk,Die Linke,,1993.0,,f,"Sozialarbeiterin, Autorin"
145845,Achim Köhler,AfD,Angestellter im öffentl. Dienst,1964.0,,m,
145841,Jürgen Kögel,AfD,,1958.0,,m,"Dipl.Bankbetriebswirt ADG, Master-Studium"
29490,Tilman Kuban,CDU/CSU,MdB,1987.0,,m,Studium der Rechtswissenschaft
175467,Martin Kröber,SPD,MdB,1992.0,,m,
79227,Günter Krings,CDU/CSU,MdB,1969.0,Dr.,m,Studium der Rechtswissenschaften
122755,Lukas Krieger,CDU/CSU,,1987.0,,m,Rechtswissenschaften
79226,Gunther Krichbaum,CDU/CSU,MdB,1964.0,,m,Jurist
149682,Dunja Kreiser,SPD,MdB,1971.0,,f,Abwassermeisterin
184318,Manuel Johannes Krauthausen,AfD,Schornsteinfeger,1992.0,,m,
79223,Anette Kramme,SPD,MdB,1967.0,,f,Rechtsanwältin
165152,Maximilian Krah,AfD,MdEP,1977.0,,m,
145830,Rainer Kraft,AfD,MdB,1974.0,Dr.,m,Promovierter Diplom-Chemiker
122834,Ferat Koçak,Die Linke,Mitglied des Abgeordnetenhauses Berlin,1979.0,,m,Diplom-Volkswirt
31221,Steffen Kotré,AfD,MdB,1971.0,,m,Diplom-Ingenieur
175003,Thomas Korell,AfD,,1983.0,,m,
182878,Stefan Korbach,CDU/CSU,,,,m,Diplom-Kaufmann
175543,Chantal Kopf,BÜNDNIS 90/­DIE GRÜNEN,MdB,1995.0,,f,M.A. in Politikwissenschaft
79237,Markus Koob,CDU/CSU,MdB,1977.0,,m,Studium der Politikwissenschaften
123532,Enrico Komning,AfD,MdB,1968.0,,m,Fachanwalt
141591,Hans Koller,CDU/CSU,,,,m,
79234,Bärbel Kofler,SPD,MdB,1967.0,Dr.,f,"Sprachwissenschaftlerin, Dipl. Informatikerin (FH), Bankkauffrau"
108585,Heinrich Koch,AfD,,,,m,
79239,Axel Knoerig,CDU/CSU,MdB,1967.0,,m,Magister in Politikwissenschaft mit Schwerpunkt Kommunal- und Verwaltungswissenschaften
184317,Sieghard Knodel,fraktionslos,"Betriebswirt, Landmaschinenmechanikermeister",1961.0,,m,
177535,Maximilian Kneller,AfD,,,,m,
175503,Tim Klüssendorf,SPD,Referent des Bürgermeisters,1991.0,,m,Volks- und Betriebswirt
110066,Julia Klöckner,CDU/CSU,MdB,1972.0,,f,Theologin und Politikwissenschaftlerin (M.A.)
175401,Annika Klose,SPD,MdB,1992.0,,f,Sozialwissenschaftlerin
79241,Lars Klingbeil,SPD,"MdB, Generalsekretär",1978.0,,m,"Studium der Politischen Wissenschaft, der Soziologie und der Geschichte (M.A.)"
178160,Kurt Klaus Kleinschmidt,AfD,Berufssoldat a.D.,1967.0,,m,
175877,Ottilie Klein,CDU/CSU,MdB,1984.0,Dr.,f,
175433,Helmut Kleebank,SPD,MdB,1964.0,,m,"Lehramt (Mathematik, Physik), Krankenpfleger"
79242,Georg Kippels,CDU/CSU,MdB,1959.0,Dr.,m,Rechtsanwalt
145902,Michael Kießling,CDU/CSU,MdB,1973.0,,m,Dipl. Bauingenier (FH)
79246,Roderich Kiesewetter,CDU/CSU,MdB,1963.0,,m,Oberst a.D./ Dipl. Kaufmann
146003,Misbah Khan,BÜNDNIS 90/­DIE GRÜNEN,Bildungsreferentin im Landesjugendamt RLP im Bereich religiös begründete Radikalisierung,1989.0,,f,Politikwissenschaftlerin
179277,Rocco Kever,AfD,,,,m,
147331,Stefan Keuter,AfD,MdB,1972.0,,m,Bankkaufmann und Diplom-Betriebswirt (FH)
146793,Franziska Kersten,SPD,MdB,1968.0,Dr.,f,Tierärztin
177565,Martina Kempf,AfD,Mutter von drei Kindern,1964.0,,f,"Juristin, Zusatzqualifikation Umweltschutzexpertin Europa"
79480,Ronja Kemmer,CDU/CSU,MdB,1989.0,,f,Volkswirtin
175629,Michael Kellner,BÜNDNIS 90/­DIE GRÜNEN,Bundestagsabgeordneter und Parlamentarischer Staatssekretär,1977.0,,m,Politikwissenschaftler
121837,Michael Kaufmann,AfD,MdB,1964.0,Prof. Dr.,m,Ingenieur
145844,Malte Kaufmann,AfD,MdB,1976.0,Dr.,m,Diplom-Volkswirt
79249,Anja Karliczek,CDU/CSU,MdB,1971.0,,f,Diplom-Kauffrau
121602,Macit Karaahmetoğlu,SPD,MdB,1968.0,,m,Jurist
73426,Kirsten Kappert-Gonther,BÜNDNIS 90/­DIE GRÜNEN,MdB,1966.0,Dr.,f,Fachärztin für Psychiatrie und Psychotherapie
182859,Nicklas Kappe,CDU/CSU,,,,m,Chemieingeneur (M.Sc.)
118997,Maren Kaminski,Die Linke,Gewerkschaftssekretärin,1979.0,,f,Sozialwissenschaftlerin
146830,Elisabeth Kaiser,SPD,"MdB, Parlamentarische Staatssekretärin",1987.0,,f,"Studium der Staatswissenschaften, Politik und Verwaltungswissenschaften"
175603,Lamya Kaddor,BÜNDNIS 90/­DIE GRÜNEN,MdB,1978.0,,f,"Islamwissenschaftlerin, Lehrerin für Islamische Religion, Autorin"
78859,Oliver Kaczmarek,SPD,MdB,1970.0,,m,1. Staatsexamen für Lehrämter der Sekundarstufen II und I
183496,Robin Jünger,AfD,Unternehmer,,,m,kaufmännische Ausbildung
79268,Frank Junge,SPD,MdB,1967.0,,m,Diplom Sportlehrer
78867,Andreas Jung,CDU/CSU,MdB,1975.0,,m,Rechtsanwalt
175588,Julian Joswig,BÜNDNIS 90/­DIE GRÜNEN,Mitglied des Bundestages,,,m,Wirtschaftswissenschaftler
182837,Alexander Jordan,CDU/CSU,Standortleiter Automobilentwicklung,1981.0,,m,Dipl.-Ing. (FH) Elektrotechnik / Informationstechnik
79277,Thomas Jarzombek,CDU/CSU,MdB,1973.0,,m,IT-Berater
175830,Anne Janssen,CDU/CSU,MdB,1982.0,,f,Bachelor und Master of Arts
175967,Steffen Janich,AfD,MdB,1971.0,,m,Polizeibeamter
147218,Fabian Jacobi,AfD,MdB,1973.0,,m,Rechtsanwalt
183177,Cem Ince,Die Linke,Elektroniker für Automatisierungstechnik,,,m,
145791,Nicole Höchst,AfD,MdB,1970.0,,f,Lehrerin
175922,Gerrit Huy,AfD,MdB,1953.0,,f,Dipl.-Mathematikerin
175512,Verena Hubertz,SPD,MdB,1987.0,,f,Studium der Betriebswirtschaftlehre
183224,Luke Hoß,Die Linke,Student Rechtswissenschaft,2001.0,,m,
146856,Jasmina Hostert,SPD,MdB,1982.0,,f,Politikwissenschaftlerin
29094,Michael Hose,CDU/CSU,Schulleiter,1984.0,,m,Gymnasiallehrer für Geschichte und Sozialkunde
175851,Franziska Hoppermann,CDU/CSU,MdB,1982.0,,f,Diplom-Kauffrau
79293,Hendrik Hoppenstedt,CDU/CSU,MdB,1972.0,,m,Studium der Rechtswissenschaften
123559,Leif-Erik Holm,AfD,MdB,1970.0,,m,Ökonom M. Sc.
79294,Anton Hofreiter,BÜNDNIS 90/­DIE GRÜNEN,"MdB, Vorsitzender des Ausschusses für die Angelegenheiten der Europäischen Union",1970.0,,m,Promovierter Biologe
138330,Philip Hoffmann,CDU/CSU,Volkswirt,1988.0,,m,"Volkswirt, M.A in European Economic Studies, M.Sc. in Banking and Finance"
79295,Alexander Hoffmann,CDU/CSU,MdB,1975.0,,m,Rechtsanwalt
78865,Christian Hirte,CDU/CSU,MdB,1976.0,,m,Rechtsanwalt und Fachanwalt für Steuerrecht
145754,Karsten Hilse,AfD,MdB,1964.0,,m,Waffenmeister
184316,Olaf Hilmer,AfD,,1972.0,,m,
182897,Matthias Hiller,CDU/CSU,Steuerberater und Professor,1985.0,Prof. Dr.,m,Diplom Ökonom 
142212,Susanne Hierl,CDU/CSU,MdB,1973.0,,f,Rechtsanwältin
79307,Ansgar Heveling,CDU/CSU,MdB,1972.0,,m,Studium der Rechts- und Verwaltungswissenschaften
183031,Moritz Heuberger,BÜNDNIS 90/­DIE GRÜNEN,Beamter (Digitale Verwaltung),1991.0,Dr.,m,Verwaltungswissenschaftler
175432,Heike Heubach,SPD,MdB,1979.0,,f,Industriekauffrau
179923,Nicole Hess,AfD,Flugbegleiterin ,1973.0,,f,"Industriekauffrau, Sprecherin, Moderatorin "
145840,Martin Hess,AfD,MdB,1971.0,,m,Polizeibeamter
175476,Nadine Heselhaus,SPD,Gemeindeprüferin,1978.0,,f,Diplom-Verwaltungswirtin (FH)
183279,Mareike Hermeier,Die Linke,Einkäuferin ,1989.0,,f,Kauffrau im Großhandel 
182885,Diana Herbstreuth,CDU/CSU,Leiterin des Stabsbüros des Logistikkommandos der Bundeswehr,1981.0,,f,Oberstleutnant
149381,Stefan Henze,AfD,,1965.0,,m,EDV-Finanzbuchhalter
145874,Marc Henrichmann,CDU/CSU,MdB,1976.0,,m,Volljurist
145749,Udo Hemmelgarn,AfD,MdB,1959.0,,m,
79299,Mark Helfrich,CDU/CSU,MdB,1978.0,,m,Diplom-Kaufmann (FH)
145751,Matthias Helferich,AfD,Bundestagsabgeordneter,1988.0,,m,Rechtsanwalt
66491,Linda Heitmann,BÜNDNIS 90/­DIE GRÜNEN,Geschäftsführerin in der Suchtkrankenhilfe,1982.0,,f,Dipl. Politologin
79320,Gabriela Heinrich,SPD,Bundestagsabgeordnete,1963.0,,f,Dipl.-Medienberaterin
136025,Frauke Heiligenstadt,SPD,MdB,1966.0,,f,Diplom-Verwaltungswirtin
79316,Hubertus Heil,SPD,"Bundesminister für Arbeit und Soziales, MdB",1972.0,,m,Politikwissenschaftler
79317,Mechthild Heil,CDU/CSU,MdB,1961.0,,f,Dipl. Ingenieurin
79325,Britta Haßelmann,BÜNDNIS 90/­DIE GRÜNEN,MdB,1961.0,,f,Dipl. Sozialarbeiterin
147226,Jochen Haug,AfD,MdB,1973.0,,m,Jurist
79322,Matthias Hauer,CDU/CSU,"Bundestagsabgeordneter, Rechtsanwalt",1977.0,,m,"Volljurist, Fachanwalt für Bank- und Kaptitalmarktrecht"
79326,Sebastian Hartmann,SPD,MdB,1977.0,,m,Organisationsberater
78863,Jürgen Hardt,CDU/CSU,MdB,1963.0,,m,Dipl. Volkswirt
145714,Mirco Hanker,AfD,,1966.0,,m,Diplom-Kaufmann
79327,Metin Hakverdi,SPD,MdB,1969.0,,m,Jurist
132357,Lars Haise,AfD,Parlamentarischer Referent,1989.0,,m,"Bürokaufmann, Lokführer"
182892,Heiko Hain,CDU/CSU,,,,m,"Studium Politikwissenschaft, Soziologie und Verwaltungswissenschaft"
158590,Ingo Hahn,AfD,,,Dr.,m,
79329,Florian Hahn,CDU/CSU,MdB,1974.0,,m,Electronic Marketing Fachwirt
79333,Bettina Hagedorn,SPD,MdB,1955.0,,f,Ausgebildete Goldschmiedin
79332,Christian Haase,CDU/CSU,MdB,1966.0,,m,Dipl. Verwaltungswirt (FH)
141210,Ates Gürpinar,Die Linke,Angestellter,1984.0,,m,Medienwissenschaftler
79335,Fritz Güntzler,CDU/CSU,MdB,1966.0,,m,Studium der BWL und Wirtschaftsprüfer
175852,Georg Günther,CDU/CSU,Betriebsprüfer,1988.0,,m,Diplom-Finanzwirt (FH)
130691,Serap Güler,CDU/CSU,MdB,1980.0,,f,Studium Germanistik und Kommunikation
132869,Christian Görke,Die Linke,Bundestagsabgeordneter,1962.0,,m,Lehrer
78886,Katrin Göring-Eckardt,BÜNDNIS 90/­DIE GRÜNEN,MdB,1966.0,,f,
79334,Gregor Gysi,Die Linke,MdB,1948.0,,m,Rechtsanwalt
79336,Olav Gutting,CDU/CSU,MdB,1970.0,,m,Rechtsanwalt
175683,Lena Gumnior,BÜNDNIS 90/­DIE GRÜNEN,Anwältin,1992.0,Dr.,f,Volljuristin
28896,Inge Gräßle,CDU/CSU,MdB,1961.0,Dr.,f,"Studium der Romanischen Sprachen, Geschichte und Politikwissenschaft"
158593,Rainer Gross,AfD,Abteilungsdirektor/ Syndikusrechtsanwalt,1960.0,,m,Rechtsanwalt; Certified Estate Planner
123558,Christoph Grimm,AfD,Rechtsanwalt,1957.0,,m,Volljurist
79349,Kerstin Griese,SPD,"MdB, Parlamentarische Staatssekretärin",1966.0,,f,Historikerin
182883,David Gregosz,CDU/CSU,Unternehmer,1983.0,,m,Doppelstudium Volkswirtschaftslehre und Politikwissenschaft
175537,Armin Grau,BÜNDNIS 90/­DIE GRÜNEN,"Arzt, MdB",1959.0,Prof. Dr.,m,Neurologe
123289,Adrian Grasse,CDU/CSU,MdA,1975.0,,m,Industrie- und Diplom-Kaufmann
108738,Fabian Gramling,CDU/CSU,MdB,1987.0,,m,Betriebswirt
174123,Hans-Jürgen Goßner,AfD,Bundestagsabgeordneter,1970.0,,m,
66285,Kay Gottschalk,AfD,MdB,1965.0,,m,Diplom-Kaufmann
79353,Nicole Gohlke,Die Linke,MdB,1975.0,,f,Kommunikationswissenschaftlerin
175923,Hannes Gnauck,AfD,MdB,1991.0,,m,Soldat auf Zeit
79481,Angelika Glöckner,SPD,MdB,1962.0,,f,Verwaltungsfachwirtin
123018,Ronald Gläser,AfD,MdA,1973.0,,m,"Amerikanist, Journalist"
183252,Vinzenz Glaser,Die Linke,Sozialarbeiter in der offenen Kinder- und Jugendarbeit,1992.0,,m,Sozialarbeiter
147328,Jan-Niclas Gesenhues,BÜNDNIS 90/­DIE GRÜNEN,MdB,1990.0,Dr.,m,Volkswirt
79356,Martin Gerster,SPD,MdB,1971.0,,m,Politikwissenschaftler
122857,Katalin Gennburg,Die Linke,MdA,,,f,Philosophie / Urbanistik
125186,Jonas Geissler,CDU/CSU,MdB und Regierungsrat a.D.,1984.0,Dr.,m,Promotion
79366,Thomas Gebhart,CDU/CSU,MdB,1971.0,Dr.,m,Studium BWL und Politikwissenschaft
175891,Wilhelm Gebhard,CDU/CSU,,,,m,
183283,Kathrin Gebel,Die Linke,Studentin ,1997.0,,f,
31216,Alexander Gauland,AfD,MdB,1941.0,Dr.,m,Jurist
79364,Matthias Gastel,BÜNDNIS 90/­DIE GRÜNEN,MdB,1970.0,,m,"Dipl.-Sozialpädagoge, -Kaufmann"
175645,Schahina Gambir,BÜNDNIS 90/­DIE GRÜNEN,"Wirtschafts- und Politikwissenschaftlerin (Bachelor), Gender Studies (Master)",1991.0,,f,Veranstaltungskauffrau
183508,Boris Gamanov,AfD,Geschäftsführer,1986.0,,m,Wirtschaftsfachwirt
182110,Rainer Galla,AfD,,,,m,Jurist
79389,Hermann Färber,CDU/CSU,MdB,1963.0,,m,Landwirt
150288,Götz Frömming,AfD,MdB,1968.0,,m,Studiendirektor
108761,Markus Frohnmaier,AfD,MdB,1991.0,,m,Rechtswissenschaft
79370,Michael Frieser,CDU/CSU,MdB,1964.0,,m,Rechtswissenschaften
79378,Thorsten Frei,CDU/CSU,MdB,1973.0,,m,Jurist
182826,Christoph Frauenpreiß,CDU/CSU,,,,m,diplomierter Bankbetriebswirt (FS)
183125,Simone Fischer,BÜNDNIS 90/­DIE GRÜNEN,,1979.0,,f,Diplom-Verwaltungswirtin
175925,Hauke Finger,AfD,Referent,1968.0,,m,Bankbetriebswirt
175491,Sebastian Fiedler,SPD,MdB,1973.0,,m,
184038,Katrin Fey,Die Linke,Angestellte der DRK Kinderklinik ,1967.0,,f,Diplom-Sozialpädagogin
177546,Thomas Fetsch,AfD,Rechtsanwalt,1969.0,,m,Jurist
183497,Jan Feser,AfD,,,,m,
145833,Peter Felser,AfD,"MdB, Unternehmer",1969.0,,m,Diplom Pädagoge (univ.)
79391,Uwe Feiler,CDU/CSU,MdB,1965.0,,m,Dipl. Finanzwirt
183487,Micha Fehre,AfD,Unternehmer & Geschäftsführer,1997.0,,m,
79390,Johannes Fechner,SPD,MdB,1972.0,,m,Jurist
183267,Fabian Fahl,Die Linke,Wissenschaftlicher Mitarbeiter,1993.0,Dr.,m,Dr. rer. nat. (Geographie)
135391,Nancy Faeser,SPD,,1970.0,,f,
147569,Michael Espendiller,AfD,MdB,1989.0,Dr.,m,Promovierter Mathematiker
79387,Saskia Esken,SPD,MdB,1961.0,,f,staatl. gepr. Informatikerin
146813,Wiebke Esdar,SPD,MdB,1984.0,Dr.,f,Promovierte Psychologin
182825,Bastian Alfons Ernst,CDU/CSU,Leiter Geschäftsfeldentwicklung,1987.0,,m,Betriebswirt
145903,Thomas Erndl,CDU/CSU,MdB,1974.0,,m,Diplom Ingenieur (FH) Mikroelektronik
175872,Martina Englhardt-Kopf,CDU/CSU,MdB,1981.0,,f,Dipl.-Handelslehrerin
175826,Alexander Engelhard,CDU/CSU,MdB,1972.0,,m,"Müller, Dipl.-Wirtschaftsingenieur"
146042,Marcel Emmerich,BÜNDNIS 90/­DIE GRÜNEN,MdB,1991.0,,m,Wissenschaftlicher Referent
182015,Mandy Eißing,Die Linke,Büroleiterin M. Schirdewan Die Linke (MdEP) Thüringen,1976.0,,f,Friseurin
175496,Sonja Eichwede,SPD,MdB,1987.0,,f,Volljuristin
175864,Lars Ehm,CDU/CSU,,1976.0,,m,Jurist
175308,Mirze Edis,Die Linke,Betriebsratsmitglied,1972.0,,m,
175880,Ralph Edelhäußer,CDU/CSU,MdB,1973.0,,m,
175610,Leon Eckert,BÜNDNIS 90/­DIE GRÜNEN,Bundestagsabgeordneter,1995.0,,m,Betriebswirt (B.Sc.) & Historiker (B.A.)
79405,Harald Ebner,BÜNDNIS 90/­DIE GRÜNEN,MdB,1964.0,,m,Diplom-Agraringenieur
175859,Joachim Ebmeyer,CDU/CSU,Volkswirt,1985.0,,m,Volkswirt
183515,Tobias Ebenberger,AfD,Social Media - Angestellter,1990.0,,m,
175555,Deborah Düring,BÜNDNIS 90/­DIE GRÜNEN,Studentin Friedens- und Konfliktforschung (Master) & Studentische Hilfskraft bei Survival International,1994.0,,f,Sozialwissenschaftlerin (B.A. Sozialwissenschaft)
182893,Hülya Düber,CDU/CSU,Sozialreferentin Stadt Würzburg,1978.0,Dr.,f,Volljuristin
175425,Felix Döring,SPD,MdB,1991.0,,m,Gymnasiallehrer
183012,Timon Dzienus,BÜNDNIS 90/­DIE GRÜNEN,,,,m,
79404,Hansjörg Durz,CDU/CSU,MdB,1971.0,,m,Dipl. Kaufmann
181945,Christopher Drößler,AfD,,1995.0,,m,Polizeibeamter
79403,Katharina Dröge,BÜNDNIS 90/­DIE GRÜNEN,MdB und Fraktionsvorsitzende,1984.0,,f,Diplom-Volkswirtin
175424,Falko Droßmann,SPD,MdB,1973.0,,m,"Historiker, Soldat"
179922,Christian Douglas,AfD,,1978.0,,m,
182894,Florian Dorn,CDU/CSU,Direktor von EconPol Europe,,Dr.,m,Masterabschluss in Economics
79397,Michael Donth,CDU/CSU,MdB,1967.0,,m,Dipl.-Verwaltungswirt (FH)
79412,Alexander Dobrindt,CDU/CSU,MdB,1970.0,,m,Diplom-Soziologe
79411,Sabine Dittmar,SPD,MdB,1964.0,,f,Ärztin
183145,Jeanne Dillschneider,BÜNDNIS 90/­DIE GRÜNEN,,,,f,Rechtsanwältin
146823,Esther Dilcher,SPD,MdB,1965.0,,f,Juristin
31274,Thomas Dietz,AfD,Bundestagsabgeordneter,1967.0,,m,
175438,Jan Dieren,SPD,MdB,1991.0,,m,Jurist
29534,Sandra Detzer,BÜNDNIS 90/­DIE GRÜNEN,MdB,1980.0,Dr.,f,Politik- und Volkswirtschaftlerin
110038,Ellen Demuth,CDU/CSU,MdL,1982.0,,f,Diplom-Bertriebswirtin
175431,Hakan Demir,SPD,MdB,1984.0,,m,Politikwissenschaftler
119861,Janosch Dahmen,BÜNDNIS 90/­DIE GRÜNEN,MdB & Notfallmediziner,1981.0,Dr.,m,Arzt
182902,Wolfgang Dahler,CDU/CSU,Rechtsanwalt,1975.0,,m,Studium der Rechtswissenschaft
141110,Gottfried Curio,AfD,MdB,1960.0,,m,"Diplom-Mathematiker, Diplom-Physiker"
121492,Jürgen Coße,SPD,MdB,1969.0,,m,Bürokaufmann
183230,Agnes Maria Conrad,Die Linke,Bundestagsabgeordnete ,1997.0,,f,"Referentin Konzernbetriebsrat, Bachelor Politikwissenschaften & Soziologie"
79418,Gitta Connemann,CDU/CSU,MdB,1964.0,,f,"Rechtsanwältin, Verkäuferin"
145755,Tino Chrupalla,AfD,MdB,1975.0,,m,Maler- und Lackierermeister
146135,Jörg Cezanne,Die Linke,Mitglied des Bundestags,1958.0,,m,Soziologe
79416,Lars Castellucci,SPD,MdB,1974.0,Prof. Dr.,m,"Professor für Nachhaltiges Management, Integrations- und Diversity Management"
182819,Sandra Carstensen,CDU/CSU,Personalleiterin,,,f,Juristin
175436,Isabel Cademartori,SPD,MdB,1988.0,,f,B.Sc. Betriebswirtschaftslehre & M.Sc. Wirtschaftspädagogik
175334,Clara Bünger,Die Linke,Abgeordnete,1986.0,,f,Volljuristin
150299,Marcus Bühl,AfD,"MdB, selbstständig im Bereich Neue Medien",1977.0,,m,Dipl. Informatiker
182866,Benedikt Büdenbender,CDU/CSU,Kommunikationsberater,1989.0,,m,
175138,Janina Böttger,Die Linke,Wissenschaftliche Referentin,1982.0,,f,Europäische Diplom-Verwaltungsmanagerin
120205,Karl Bär,BÜNDNIS 90/­DIE GRÜNEN,,1985.0,,m,
79468,Dorothee Bär,CDU/CSU,MdB,1978.0,,f,Diplom-Politologin
175892,Yannick Bury,CDU/CSU,MdB,1990.0,,m,Master of Science VWL
179348,Maik Brückner,Die Linke,Angestellter,1992.0,,m,"Mediengestalter, Branding Designer M.A."
175870,Marlon Bröhr,CDU/CSU,Landrat des Rhein-Hunsrück-Kreises,1974.0,Dr.,m,Zahnarzt
78878,Agnieszka Brugger,BÜNDNIS 90/­DIE GRÜNEN,MdB und Stellvertretende Fraktionsvorsitzende,1985.0,,f,"Politikwissenschaft, Philosophie und Öffentliches Recht"
184131,Erhard Brucker,AfD,,,,m,
175676,Victoria Broßart,BÜNDNIS 90/­DIE GRÜNEN,Ingenieurin,1992.0,,f,B.Eng. Elektrotechnik/Automation
145870,Carsten Brodesser,CDU/CSU,MdB,1967.0,Dr.,m,Diplom-Volkswirt
182830,Lutz Brinkmann,CDU/CSU,,1975.0,,m,selbst. Dipl. Bauingenieur
79434,Ralph Brinkhaus,CDU/CSU,MdB,1968.0,,m,"Diplom-Ökonom, Steuerberater"
183172,Anne-Mieke Bremer,Die Linke,Schulsozialarbeiterin,1991.0,,f,Sozialarbeiterin
145863,Silvia Breher,CDU/CSU,MdB,1973.0,,f,Juristin
79429,Franziska Brantner,BÜNDNIS 90/­DIE GRÜNEN,MdB,1979.0,Dr.,f,Promotion Politik
32337,Stephan Brandner,AfD,MdB,1966.0,,m,Rechtsanwalt und Industriekaufmann
79427,Reinhard Brandl,CDU/CSU,MdB,1977.0,Dr.,m,Dipl. Wirtschaftsingenieur
175915,Dirk Brandes,AfD,Fraktionsgeschäftsführer,1974.0,,m,"Betriebswirt VWL, Industriekaufmann"
78881,Michael Brand,CDU/CSU,Mitglied Deutscher Bundestag,1973.0,,m,"Studium der Politikwissenschaft, Geschichte und Rechtswissenschaft"
170159,Torben Braga,AfD,Parlamentarischer Berater,1991.0,,m,M.A. Politikwissenschaft
179823,Frederik Bouffier,CDU/CSU,MdB,1990.0,,m,Rechtsanwalt
184315,Jorrit Bosch,Die Linke,,1997.0,,m,
182852,Caroline Bosbach,CDU/CSU,,,,f,Studium Wirtschaftskommunikation
165049,Simone Borchardt,CDU/CSU,MdB | gesundheitspolitische Sprecherin der CDU/CSU-Bundestagsfraktion,1967.0,,f,Master of Health Business Administration
182942,Hendrik Bollmann,SPD,Oberstudienrat,1982.0,,m,
147321,Gereon Bollmann,AfD,"Richter am Oberlandesgericht (a.D.), MdB",1953.0,,m,Jurist
130612,Peter Bohnhof,AfD,Selbstständiger Rechtsanwalt,1962.0,,m,
145817,Peter Boehringer,AfD,MdB,1969.0,,m,Diplom Informatiker und Kaufmann
182817,Leif Bodin,CDU/CSU,"Jurist, Mitarbeiter bei Abgeordneten",1996.0,,m,Jurist
159437,Violetta Bock,Die Linke,Geschäftsführerin,1987.0,,f,MA Global Political Economy
168306,René Bochmann,AfD,MdB,1969.0,,m,Bürokaufmann
174144,Michael Blos,AfD,"Umwelt- und Ingenieurgeologe, Geowissenschaftler",1976.0,Dr.,m,Diplom-Geologe
175933,Joachim Bloch,AfD,,,,m,
145789,Andreas Bleck,AfD,,1988.0,,m,
175437,Jakob Blankenburg,SPD,MdB,1997.0,,m,"Politikwissenschaft, B.A."
165159,Christoph Birghan,AfD,,,Dr.,m,
175849,Florian Bilic,CDU/CSU,Hauptgeschäftsführer Pfälzerwald-Verein,1994.0,,m,
79444,Steffen Bilger,CDU/CSU,MdB,1979.0,,m,Volljurist
145893,Marc Biadacz,CDU/CSU,MdB,1979.0,,m,Sozialwissenschaftler (M.A.)
79446,Peter Beyer,CDU/CSU,MdB,1970.0,,m,Studium der Rechtswissenschaften
146046,Lorenz Gösta Beutin,Die Linke,,1978.0,,m,M.A. Historiker
182947,Daniel Bettermann,SPD,Angestellter,1980.0,,m,Masterabschluss Politikwissenschaften
31218,Birgit Bessin,AfD,MdL,1978.0,,f,Wirtschaftsjuristin
145860,Melanie Bernstein,CDU/CSU,MdB,1976.0,,f,Kulturwissenschaftlerin
108754,Marc Bernhard,AfD,MdB,,,m,"Rechtsanwalt, MBA"
130480,Lukas Benner,BÜNDNIS 90/­DIE GRÜNEN,Doktorand,1996.0,,m,Jurist
178435,Jens Behrens,SPD,Filialleiter Sparkasse Hellweg Lippe,1978.0,,m,Bankkaufmann
178606,Sascha van Beek,CDU/CSU,"Beauftragter für Kommunen und Kooperationen, SL NaturEnergie",1983.0,,m,"Gesundheits- und Krankenpfleger, MSc Disaster Healthcare"
180058,Desiree Becker,Die Linke,Gewerkschaftssekretärin,1994.0,,f,
177567,Carsten Becker,AfD,Facharbeiter,1990.0,,m,Elektroniker für Betriebstechnik
175596,Katharina Beck,BÜNDNIS 90/­DIE GRÜNEN,Unternehmensberaterin für Nachhaltigkeit,1982.0,,f,"Diplom Regionalwissenschaftlerin, Finanzbetriebswirtin (IWW)"
182891,Günter Baumgartner,CDU/CSU,Vorstandsassistent bei der Sparkasse Rottal-Inn,,,m,
66273,Bernd Baumann,AfD,MdB,1958.0,Dr.,m,Promotion Wirtschaftswissenschaften
29476,Christina Baum,AfD,MdB,1956.0,Dr.,f,Fachzahnärztin für Allgemeine Stomatologie
183247,Marcel Bauer,Die Linke,,1992.0,,m,"Forstwirt, Natur- und Landschaftspfleger"
79455,Bärbel Bas,SPD,MdB,1968.0,,f,Personalmanagement-Ökonomin (VWA)
79454,Dietmar Bartsch,Die Linke,MdB,1958.0,Dr.,m,Wirtschaftswissenschaftler
78884,Sören Bartol,SPD,MdB,1974.0,,m,Diplom-Politologe
79465,Thomas Bareiß,CDU/CSU,MdB,1975.0,,m,Dipl. Betriebswirt (BA)
145959,Felix Banaszak,BÜNDNIS 90/­DIE GRÜNEN,MdB,1989.0,,m,Sozial- und Kulturanthropologie & Politikwissenschaften
183520,Adam Balten,AfD,Senior Supporter Products,1983.0,,m,Mechatronik-Ingenieur
175416,Daniel Baldy,SPD,,1994.0,,m,Lehrer für Gymnasien
120254,Lisa Badum,BÜNDNIS 90/­DIE GRÜNEN,MdB,1983.0,,f,Politikwissenschaftlerin
175907,Carolin Bachmann,AfD,MdB,1988.0,,f,ausgebildete Investmendfondsmanagerin Bachelor Business Administration
165055,Cornell-Anette Babendererde,CDU/CSU,"Stellv. Referatsleiterin im Niedersächsischen Ministerium für Wirtschaft, Arbeit, Verkehr und Digitalisierung",1971.0,Dr.,f,Promovierte Historikerin
120442,Peter Aumer,CDU/CSU,MdB,1976.0,,m,Master of Buisness Administration
78810,Artur Auernhammer,CDU/CSU,MdB,1963.0,,m,Landwirtschaftsmeister
175526,Andreas Audretsch,BÜNDNIS 90/­DIE GRÜNEN,MdB,1984.0,,m,Politikwissenschaftler
182861,Tijen Ataoğlu,CDU/CSU,"Büroleiterin des Vorsitzenden der CDU-Landtagsfraktion NRW, Thorsten Schick",,,f,Richterin
183082,Ayse Asar,BÜNDNIS 90/­DIE GRÜNEN,Rechtsanwältin,1975.0,,f,Volljuristin
108373,Alexander Arpaschi,AfD,selbstständiger Immobilienunternehmer,1970.0,,m,"Maschinenbauingenieur, Betriebswirt"
183266,Michael „Moses“ Arndt,Die Linke,"Hausarzt, Chefarzt, Autor, Verleger, Unternehmer",1964.0,Dr.,m,"Doktor der Medizin, Arzt"
139271,Luise Amtsberg,BÜNDNIS 90/­DIE GRÜNEN,MdB,1984.0,,f,Islamwissenschaftlerin
145862,Philipp Amthor,CDU/CSU,MdB,1992.0,,m,Jurist
145885,Norbert Maria Altenkamp,CDU/CSU,MdB,1972.0,,m,Diplom Volkswirt
183004,Alaa Alhamwi,BÜNDNIS 90/­DIE GRÜNEN,MdB,1984.0,Dr.,m,Wissenschaftlicher
79476,Stephan Albani,CDU/CSU,MdB,1968.0,,m,Diplom-Physiker
175486,Reem Alabali Radovan,SPD,MdB,1990.0,,f,Studium der Politikwissenschaften
135459,Tarek Al-Wazir,BÜNDNIS 90/­DIE GRÜNEN,,1971.0,,m,Diplom-Politologe
78952,Jan van Aken,Die Linke,Mitglied des Bundestages,1961.0,,m,Biologe
108563,Gökay Akbulut,Die Linke,,,,f,
175389,Adis Ahmetović,SPD,MdB,1993.0,,m,Master of Education
182845,Anna Aeikens,CDU/CSU,Co-Geschäftsführerin,,,f,Bachelor of Applied Science – Agrarökonomie
146180,Doris Achelwilm,Die Linke,Angestellte,1976.0,,f,Sprachwissenschaftlerin (M.A.)
29084,Knut Abraham,CDU/CSU,MdB,1966.0,,m,Jurist
175489,Sanae Abdi,SPD,MdB,1986.0,,f,
