politician_id,committee_id,role
142259,4392,member
175585,4405,member
164990,5213,member
164990,4414,member
79255,4416,alternate_member
79255,4404,member
175752,4395,member
175752,4402,member
175752,5646,member
122121,4418,alternate_member
122121,4395,member
175942,4373,member
147459,4416,alternate_member
147459,4403,member
120284,5647,member
146325,5647,member
146042,5647,member
133683,5647,member
79135,5647,member
79322,5647,member
78792,5647,member
175408,5647,member
175496,5647,member
175642,5647,chairperson
121837,5646,alternate_member
66705,5646,alternate_member
146352,5646,alternate_member
175862,5646,alternate_member
79123,5646,alternate_member
108738,5646,alternate_member
79023,5646,alternate_member
149682,5646,alternate_member
79390,5646,alternate_member
145789,5646,foreperson
120169,5646,member
118538,5646,foreperson
78819,5646,foreperson
130480,5646,member
79194,5646,foreperson
175831,5646,member
175516,5646,member
175437,5646,foreperson
175521,5646,vice_chairperson
79312,5646,chairperson
78922,4395,member
121638,4400,chairperson
110218,4400,alternate_member
119079,4400,alternate_member
78850,4400,alternate_member
79454,4400,foreperson
175888,4400,member
130691,4400,member
146166,4394,alternate_member
147377,4394,alternate_member
175518,4394,alternate_member
146135,4394,member
117510,4394,member
146323,5222,alternate_member
79275,4403,alternate_member
175892,5219,member
79427,5219,member
138540,5204,member
79334,5208,member
136239,5208,member
79294,5206,alternate_member
79125,5206,member
136239,5212,member
175439,5221,alternate_member
122336,5211,alternate_member
145771,5211,alternate_member
175477,5211,foreperson
78850,5209,member
136239,5205,alternate_member
145867,4398,alternate_member
145771,4404,alternate_member
79026,4404,alternate_member
147321,4404,member
146806,4404,member
145867,4373,alternate_member
79313,4373,alternate_member
165158,4373,member
149539,5254,member
175867,5254,member
151468,4414,alternate_member
78824,4414,alternate_member
130124,4414,member
175425,4414,alternate_member
119621,4809,member
78913,4809,member
145961,5210,alternate_member
121876,4411,alternate_member
79281,4411,foreperson
79116,5257,member
175851,5220,member
79385,4410,member
133683,4410,member
79332,5255,member
175420,4415,member
119079,4413,alternate_member
147377,4413,alternate_member
175593,4413,member
132869,4393,alternate_member
147226,4393,alternate_member
78824,4393,member
146359,4393,member
175920,4402,alternate_member
79125,4417,alternate_member
119079,4417,alternate_member
79073,4418,alternate_member
145898,4408,alternate_member
179603,4408,alternate_member
66565,4408,member
136239,4392,alternate_member
79068,4392,alternate_member
79095,4412,alternate_member
79334,4412,alternate_member
78824,4396,alternate_member
164996,4396,alternate_member
149570,4419,alternate_member
175506,4419,member
145767,4397,alternate_member
31605,4397,foreperson
79387,4395,alternate_member
120819,4395,member
108661,4405,alternate_member
78816,4405,member
175432,4415,member
79198,4399,alternate_member
122336,4399,foreperson
175527,4399,member
120442,4399,member
175892,4416,alternate_member
79385,4416,member
67018,4416,member
79454,4392,alternate_member
29202,4392,alternate_member
145808,4392,alternate_member
146329,4392,alternate_member
121876,4392,alternate_member
175555,4392,foreperson
139062,4416,alternate_member
175521,5206,member
175464,4419,member
175390,4399,member
175477,4408,member
180762,4405,member
175464,4416,alternate_member
146135,4410,alternate_member
145961,4408,member
145961,4395,member
180762,4410,alternate_member
108661,4407,member
132869,4407,member
78910,4407,member
175931,4711,alternate_member
175589,4413,alternate_member
175589,4402,foreperson
175477,4403,alternate_member
175477,4373,alternate_member
145886,4408,member
145889,4395,alternate_member
145889,5254,alternate_member
145889,4402,member
79073,4373,alternate_member
79073,4395,member
79254,5254,member
79254,4397,member
145874,4809,member
170200,4415,alternate_member
170200,4399,member
170200,4373,member
136239,4413,member
79095,4408,member
175745,4411,member
66285,5258,member
146325,5258,member
146042,5258,member
78825,5258,member
79135,5258,member
142212,5258,member
175502,5258,member
175491,5258,member
175408,5258,chairperson
79328,5257,member
108924,5257,member
119361,5257,member
120284,5257,member
136080,5257,member
146042,5257,member
145896,5257,member
79192,5257,member
175409,5257,member
175491,5257,member
175496,5257,chairperson
122063,5256,alternate_member
32337,5256,alternate_member
119361,5256,alternate_member
29256,5256,alternate_member
29297,5256,alternate_member
121536,5256,alternate_member
175538,5256,alternate_member
66475,5256,alternate_member
136080,5256,alternate_member
117431,5256,alternate_member
78916,5256,alternate_member
78818,5256,alternate_member
79116,5256,alternate_member
79192,5256,alternate_member
79370,5256,alternate_member
78998,5256,alternate_member
79036,5256,alternate_member
79026,5256,alternate_member
79023,5256,alternate_member
79080,5256,alternate_member
79133,5256,alternate_member
79326,5256,alternate_member
146860,5256,alternate_member
147218,5256,member
120155,5256,member
79217,5256,member
79325,5256,member
79307,5256,member
79378,5256,member
79412,5256,member
78913,5256,member
78838,5256,member
79140,5256,member
79390,5256,member
175496,5256,member
134049,5255,member
119145,5255,member
175649,5255,member
79141,5255,member
79335,5255,member
79000,5255,member
175502,5255,member
168396,5255,member
79268,5255,member
79108,5255,vice_chairperson
175580,5255,chairperson
121837,5254,alternate_member
145789,5254,alternate_member
175759,5254,alternate_member
120169,5254,alternate_member
175758,5254,alternate_member
145921,5254,alternate_member
175596,5254,alternate_member
121603,5254,alternate_member
79194,5254,alternate_member
175831,5254,alternate_member
123288,5254,alternate_member
79345,5254,alternate_member
79418,5254,alternate_member
175410,5254,alternate_member
175439,5254,alternate_member
175484,5254,alternate_member
175428,5254,alternate_member
146793,5254,alternate_member
175489,5254,alternate_member
145830,5254,foreperson
145767,5254,member
146323,5254,member
158872,5254,foreperson
175781,5254,member
175584,5254,member
133673,5254,foreperson
108783,5254,foreperson
175888,5254,member
79434,5254,member
175403,5254,member
175506,5254,member
79331,5254,member
175404,5254,member
175437,5254,foreperson
78988,5254,vice_chairperson
175433,5254,chairperson
78816,5222,advisory_member
147226,5222,alternate_member
146359,5222,member
175538,5222,alternate_member
78953,5222,alternate_member
78836,5222,alternate_member
79345,5222,alternate_member
78913,5222,alternate_member
121602,5222,alternate_member
175496,5222,alternate_member
66475,5222,member
79116,5222,member
79307,5222,member
79026,5222,member
79390,5222,member
146823,5222,vice_chairperson
79146,5222,chairperson
147218,5221,alternate_member
146359,5221,alternate_member
136080,5221,alternate_member
130480,5221,alternate_member
78953,5221,alternate_member
175836,5221,alternate_member
145896,5221,alternate_member
175409,5221,alternate_member
175491,5221,alternate_member
122063,5221,member
29256,5221,member
175538,5221,member
117431,5221,member
79293,5221,member
142212,5221,member
121602,5221,member
175476,5221,member
175871,5221,vice_chairperson
175516,5221,chairperson
29256,5220,member
134049,5220,member
175643,5220,member
79332,5220,member
79362,5220,member
79427,5220,member
79000,5220,member
175502,5220,member
79301,5220,member
175649,5220,vice_chairperson
146813,5220,chairperson
119145,5219,member
175580,5219,member
78856,5219,member
79070,5219,member
79362,5219,member
79000,5219,member
175514,5219,member
79356,5219,member
79066,5219,vice_chairperson
134400,5219,chairperson
78850,5213,member
123546,5213,foreperson
147569,5213,member
175709,5213,member
134049,5213,foreperson
31707,5213,foreperson
145959,5213,member
79062,5213,member
78812,5213,member
79238,5213,foreperson
79332,5213,member
28896,5213,member
78960,5213,member
78996,5213,member
79333,5213,foreperson
146813,5213,member
146823,5213,member
175610,5213,vice_chairperson
79356,5213,chairperson
175920,5212,alternate_member
29476,5212,alternate_member
122050,5212,alternate_member
121536,5212,alternate_member
79021,5212,alternate_member
175642,5212,alternate_member
175537,5212,alternate_member
78981,5212,alternate_member
145901,5212,alternate_member
78870,5212,alternate_member
175434,5212,alternate_member
175519,5212,alternate_member
146867,5212,alternate_member
79252,5212,alternate_member
108581,5212,alternate_member
145747,5212,foreperson
31274,5212,member
175758,5212,foreperson
79004,5212,member
79242,5212,foreperson
79274,5212,member
79432,5212,member
79476,5212,member
175488,5212,member
175506,5212,foreperson
146793,5212,member
79409,5212,member
121492,5212,member
175584,5212,vice_chairperson
146406,5212,chairperson
150298,5211,foreperson
30864,5211,alternate_member
120356,5211,alternate_member
79004,5211,alternate_member
175610,5211,alternate_member
79203,5211,alternate_member
175830,5211,alternate_member
145873,5211,alternate_member
175480,5211,alternate_member
149682,5211,alternate_member
175416,5211,alternate_member
108563,5211,foreperson
175774,5211,foreperson
141981,5211,member
175557,5211,member
173148,5211,foreperson
78797,5211,member
130900,5211,member
175880,5211,foreperson
175423,5211,alternate_member
146804,5211,member
175476,5211,member
176737,5211,vice_chairperson
108563,5210,alternate_member
29202,5210,alternate_member
175755,5210,alternate_member
78851,5210,alternate_member
146856,5210,alternate_member
149570,5210,chairperson
147321,5210,member
120356,5210,member
79203,5210,member
175490,5210,member
173148,5210,member
136366,5209,alternate_member
31216,5209,alternate_member
175693,5209,alternate_member
175538,5209,alternate_member
79358,5209,alternate_member
78932,5209,alternate_member
79237,5209,alternate_member
145903,5209,alternate_member
146835,5209,alternate_member
170287,5209,alternate_member
175515,5209,alternate_member
176762,5209,foreperson
134283,5209,foreperson
175606,5209,member
118494,5209,foreperson
79071,5209,member
142212,5209,member
79346,5209,foreperson
117519,5209,foreperson
175406,5209,member
79118,5209,chairperson
175923,5208,alternate_member
142264,5208,alternate_member
117431,5208,alternate_member
146028,5208,alternate_member
79069,5208,alternate_member
78863,5208,alternate_member
29084,5208,alternate_member
175419,5208,alternate_member
121602,5208,alternate_member
175389,5208,alternate_member
175931,5208,foreperson
175793,5208,foreperson
146020,5208,foreperson
78953,5208,foreperson
79237,5208,member
175485,5208,foreperson
121492,5208,member
175393,5208,vice_chairperson
79346,5208,chairperson
31221,5206,alternate_member
175793,5206,alternate_member
175599,5206,alternate_member
78919,5206,alternate_member
78851,5206,alternate_member
79246,5206,alternate_member
78998,5206,alternate_member
79023,5206,alternate_member
79409,5206,alternate_member
136366,5206,alternate_member
147331,5206,foreperson
146348,5206,foreperson
175598,5206,foreperson
175831,5206,foreperson
145903,5206,member
175389,5206,foreperson
175489,5206,member
79043,5206,vice_chairperson
120254,5206,chairperson
175931,5205,alternate_member
136537,5205,alternate_member
159644,5205,alternate_member
142259,5205,alternate_member
79246,5205,alternate_member
29084,5205,alternate_member
175412,5205,alternate_member
79097,5205,alternate_member
79320,5205,alternate_member
145808,5205,foreperson
175627,5205,foreperson
175624,5205,member
78851,5205,member
120442,5205,foreperson
146835,5205,member
139062,5205,foreperson
175424,5205,member
119621,5205,vice_chairperson
130072,5205,chairperson
145817,5204,foreperson
119079,5204,member
29256,5204,foreperson
78852,5204,member
175542,5204,foreperson
175851,5204,member
175892,5204,foreperson
175502,5204,member
175514,5204,member
168396,5204,member
79327,5204,foreperson
78812,5204,chairperson
146323,4402,alternate_member
146323,4404,member
118231,4394,alternate_member
118231,4373,alternate_member
118231,4398,alternate_member
118231,4411,member
150295,4405,advisory_member
168396,4405,alternate_member
165158,4397,member
145795,4394,alternate_member
175467,4394,alternate_member
175390,4394,member
119861,4400,alternate_member
145984,4400,member
175527,4403,alternate_member
175488,4403,alternate_member
79327,4403,alternate_member
31605,4404,alternate_member
175425,4404,alternate_member
175557,4373,alternate_member
175390,4373,alternate_member
175643,4414,alternate_member
79427,4414,alternate_member
79301,4414,alternate_member
147321,4411,alternate_member
29297,4411,alternate_member
146407,4411,alternate_member
78999,4411,alternate_member
150291,4410,alternate_member
175542,4410,member
152771,4392,advisory_member
78991,4392,alternate_member
141311,4392,alternate_member
175401,4413,alternate_member
175457,4413,member
175541,4402,alternate_member
149682,4402,member
175774,4399,alternate_member
79203,4399,alternate_member
175394,4399,member
29084,4417,foreperson
175424,4417,member
146360,4711,alternate_member
158872,4711,alternate_member
136080,4711,alternate_member
175478,4711,alternate_member
135407,4711,member
29202,4418,alternate_member
147377,4419,alternate_member
145921,4419,alternate_member
79268,4419,alternate_member
175902,4416,alternate_member
108754,4416,alternate_member
130480,4416,alternate_member
146824,4416,alternate_member
175461,4416,alternate_member
145803,4408,advisory_member
135322,4408,alternate_member
175563,4408,alternate_member
79415,4412,member
150292,4396,advisory_member
175967,4396,alternate_member
141323,4396,alternate_member
175459,4396,alternate_member
79327,4396,alternate_member
175390,4396,alternate_member
121603,4396,spokesperson
175902,4396,foreperson
79415,4395,alternate_member
146407,4395,member
175443,4397,alternate_member
79301,4397,alternate_member
79069,4397,member
79477,4397,foreperson
79481,4397,member
175827,4416,alternate_member
175827,4411,member
175827,4395,member
175420,4400,alternate_member
175420,4411,member
179603,4402,alternate_member
179603,4397,alternate_member
179603,4415,member
145860,4403,alternate_member
145860,4408,member
145860,4373,member
146806,4402,member
29199,4413,alternate_member
29297,4809,member
79129,4809,member
66002,4809,member
79295,4809,member
146784,4809,member
139062,4809,member
79326,4809,member
79246,4809,vice_chairperson
78819,4809,chairperson
158872,4400,member
158872,4402,member
175580,4711,alternate_member
117431,4711,member
133683,4711,alternate_member
145877,4711,alternate_member
78881,4711,alternate_member
175485,4711,alternate_member
175431,4711,alternate_member
147331,4711,foreperson
175696,4711,foreperson
175643,4711,foreperson
175876,4711,member
73300,4711,foreperson
78910,4711,member
146847,4711,foreperson
145903,4711,vice_chairperson
139062,4711,chairperson
147377,4418,alternate_member
147377,4397,foreperson
146388,4394,alternate_member
134049,4394,alternate_member
146352,4394,alternate_member
175862,4394,alternate_member
79268,4394,alternate_member
175931,4400,alternate_member
119147,4400,alternate_member
134049,4400,alternate_member
118250,4400,alternate_member
175649,4400,alternate_member
79000,4400,alternate_member
123559,4403,alternate_member
130489,4403,member
146378,4403,alternate_member
31751,4403,alternate_member
146407,4403,alternate_member
29297,4398,alternate_member
146042,4398,member
79356,4398,alternate_member
147226,4404,alternate_member
119361,4404,alternate_member
146289,4404,alternate_member
29297,4404,alternate_member
122157,4404,alternate_member
79106,4404,member
165157,4373,alternate_member
145732,4373,alternate_member
175915,4373,foreperson
29297,4373,alternate_member
175774,4373,alternate_member
175737,4373,member
146416,4373,member
175543,4373,alternate_member
175642,4373,alternate_member
130480,4373,member
145921,4373,member
138540,4373,alternate_member
79362,4373,alternate_member
175826,4373,alternate_member
175880,4373,member
78920,4373,foreperson
175872,4373,alternate_member
175892,4373,member
175870,4373,member
165049,4373,member
78913,4373,alternate_member
175488,4373,member
147327,4373,alternate_member
146837,4373,alternate_member
130418,4373,alternate_member
175467,4373,member
175405,4373,member
132971,4414,alternate_member
137432,4414,alternate_member
142152,4414,alternate_member
79203,4414,member
140944,4414,alternate_member
120356,4371,alternate_member
122050,4371,alternate_member
121536,4371,alternate_member
119145,4371,alternate_member
120155,4371,member
118250,4371,member
118250,4411,member
78996,4411,alternate_member
165654,4410,alternate_member
118538,4410,alternate_member
146360,4410,alternate_member
135322,4410,alternate_member
175696,4410,alternate_member
79047,4410,alternate_member
175502,4410,alternate_member
168306,4415,alternate_member
30002,4415,alternate_member
146378,4415,alternate_member
175758,4415,alternate_member
177310,4415,member
78865,4415,alternate_member
140944,4415,alternate_member
150294,4413,alternate_member
147331,4413,alternate_member
145844,4413,alternate_member
177310,4413,alternate_member
136537,4413,alternate_member
175584,4413,alternate_member
175599,4413,alternate_member
78920,4413,alternate_member
78851,4413,alternate_member
142212,4413,alternate_member
79343,4413,alternate_member
78870,4413,alternate_member
78991,4413,alternate_member
79023,4413,alternate_member
175506,4413,alternate_member
175406,4413,alternate_member
79320,4413,alternate_member
79333,4413,alternate_member
145839,4402,member
165654,4402,alternate_member
146378,4402,alternate_member
135980,4402,alternate_member
137163,4402,alternate_member
146388,4399,alternate_member
175596,4399,alternate_member
142264,4417,alternate_member
30864,4418,alternate_member
119145,4418,alternate_member
146835,4418,member
79066,4418,alternate_member
175793,4419,alternate_member
146300,4419,alternate_member
146388,4419,alternate_member
146416,4419,alternate_member
79141,4419,alternate_member
78993,4419,alternate_member
176316,4416,advisory_member
145751,4416,advisory_member
175334,4416,alternate_member
29297,4416,alternate_member
122157,4416,alternate_member
146359,4416,alternate_member
136537,4416,alternate_member
175781,4416,alternate_member
79356,4416,alternate_member
66285,4408,alternate_member
146329,4408,alternate_member
175709,4408,alternate_member
151468,4408,alternate_member
121536,4408,alternate_member
79004,4408,alternate_member
78910,4408,alternate_member
175584,4412,alternate_member
121977,4412,alternate_member
146823,4412,alternate_member
120284,4396,alternate_member
66705,4396,alternate_member
146378,4396,alternate_member
78819,4396,alternate_member
175642,4396,member
120205,4396,alternate_member
146003,4396,member
176762,4397,alternate_member
146329,4397,member
29256,4397,alternate_member
146352,4397,alternate_member
146416,4397,alternate_member
175643,4397,alternate_member
78818,4397,alternate_member
79434,4397,member
79327,4397,alternate_member
176762,4395,alternate_member
146329,4395,alternate_member
146406,4395,alternate_member
120356,4395,alternate_member
151468,4395,alternate_member
175755,4395,alternate_member
79047,4395,alternate_member
79480,4395,alternate_member
146813,4395,alternate_member
79268,4407,member
120155,4392,alternate_member
119079,4392,alternate_member
146348,4392,alternate_member
134283,4392,alternate_member
118494,4392,member
176762,4392,member
175514,4392,alternate_member
120155,4405,alternate_member
175760,4405,alternate_member
146388,4405,alternate_member
146325,4405,alternate_member
175820,4405,alternate_member
175737,4405,alternate_member
165654,4405,member
146300,4405,member
130094,4405,alternate_member
78936,4373,member
79455,4371,chairperson
175334,4404,member
145835,4419,alternate_member
123559,4419,alternate_member
175915,4419,alternate_member
175907,4419,alternate_member
78944,4419,alternate_member
175594,4419,alternate_member
175679,4419,alternate_member
78919,4419,alternate_member
73300,4419,alternate_member
145872,4419,alternate_member
79116,4419,alternate_member
79345,4419,alternate_member
125186,4419,alternate_member
79366,4419,alternate_member
146792,4419,alternate_member
78821,4419,alternate_member
78960,4419,alternate_member
175505,4419,alternate_member
79111,4419,alternate_member
175471,4419,alternate_member
79133,4419,alternate_member
30917,4419,alternate_member
146793,4419,alternate_member
79198,4419,foreperson
145830,4419,member
31221,4419,member
145754,4419,foreperson
108754,4419,member
175759,4419,member
175693,4419,member
66705,4419,spokesperson
146348,4419,foreperson
175599,4419,member
120104,4419,spokesperson
175541,4419,member
175598,4419,member
120254,4419,foreperson
175867,4419,member
79194,4419,member
175831,4419,member
79233,4419,member
78867,4419,spokesperson
79299,4419,member
123288,4419,member
108738,4419,member
79369,4419,member
175453,4419,chairperson
79023,4419,foreperson
79064,4419,member
175521,4419,member
146838,4419,member
175433,4419,member
146852,4419,member
175405,4419,member
78824,4418,alternate_member
150288,4418,alternate_member
158733,4418,alternate_member
173148,4418,alternate_member
79227,4418,alternate_member
110066,4418,alternate_member
79307,4418,alternate_member
79418,4418,alternate_member
79468,4418,alternate_member
78913,4418,alternate_member
175409,4418,alternate_member
79118,4418,alternate_member
175456,4418,alternate_member
78854,4418,foreperson
121673,4418,member
175693,4418,foreperson
134283,4418,member
175538,4418,foreperson
118494,4418,member
139271,4418,member
118138,4418,member
78932,4418,vice_chairperson
170325,4418,member
175873,4418,foreperson
79370,4418,member
175415,4418,member
79026,4418,member
146804,4418,foreperson
31119,4418,member
124218,4418,chairperson
145711,4417,alternate_member
175594,4417,alternate_member
175587,4417,alternate_member
146003,4417,alternate_member
78916,4417,alternate_member
79150,4417,alternate_member
175851,4417,alternate_member
145870,4417,alternate_member
145904,4417,alternate_member
175478,4417,member
175484,4417,alternate_member
175397,4417,alternate_member
79320,4417,alternate_member
175438,4417,alternate_member
79416,4417,alternate_member
145823,4417,member
145839,4417,foreperson
135407,4417,foreperson
78936,4417,member
145984,4417,spokesperson
175624,4417,foreperson
78920,4417,member
125186,4417,member
78881,4417,spokesperson
145885,4417,vice_chairperson
175419,4417,member
78998,4417,foreperson
79097,4417,alternate_member
175518,4417,member
108581,4417,member
121876,4417,chairperson
79328,4416,alternate_member
147226,4416,alternate_member
145771,4416,alternate_member
150299,4416,alternate_member
158733,4416,member
136013,4416,alternate_member
79129,4416,alternate_member
175645,4416,alternate_member
117431,4416,alternate_member
145878,4416,alternate_member
78805,4416,alternate_member
170325,4416,alternate_member
79192,4416,alternate_member
79293,4416,alternate_member
123288,4416,alternate_member
79317,4416,alternate_member
130691,4416,alternate_member
175880,4416,alternate_member
78881,4416,alternate_member
78913,4416,alternate_member
78938,4416,alternate_member
175480,4416,member
175485,4416,alternate_member
175484,4416,alternate_member
175458,4416,alternate_member
79390,4416,alternate_member
175496,4416,alternate_member
175416,4416,member
78892,4416,foreperson
79091,4416,member
150296,4416,member
175967,4416,member
145840,4416,member
141110,4416,foreperson
66273,4416,member
119361,4416,member
132971,4416,member
73691,4416,member
175696,4416,member
120284,4416,spokesperson
142152,4416,foreperson
175587,4416,member
78819,4416,member
146003,4416,member
175603,4416,spokesperson
78886,4416,member
146042,4416,foreperson
175610,4416,member
133683,4416,member
66002,4416,member
108605,4416,spokesperson
78825,4416,member
145890,4416,foreperson
165004,4416,member
130900,4416,member
78812,4416,member
145874,4416,member
79312,4416,member
145873,4416,member
145862,4416,member
78910,4416,member
175409,4416,member
147327,4416,member
79127,4416,alternate_member
146804,4416,member
149682,4416,member
31119,4416,member
79326,4416,foreperson
175491,4416,member
175431,4416,member
79416,4416,vice_chairperson
121997,4415,alternate_member
31274,4415,alternate_member
32337,4415,alternate_member
175532,4415,alternate_member
145921,4415,alternate_member
175679,4415,alternate_member
175541,4415,alternate_member
117431,4415,alternate_member
78817,4415,alternate_member
78919,4415,alternate_member
78932,4415,alternate_member
130301,4415,alternate_member
78793,4415,alternate_member
79214,4415,alternate_member
79239,4415,alternate_member
79480,4415,alternate_member
136824,4415,alternate_member
78840,4415,alternate_member
67018,4415,alternate_member
175458,4415,alternate_member
146852,4415,alternate_member
175512,4415,alternate_member
136025,4415,alternate_member
175489,4415,alternate_member
79205,4415,foreperson
31605,4415,alternate_member
145795,4415,member
108754,4415,member
130094,4415,foreperson
175907,4415,member
175793,4415,foreperson
141323,4415,member
164996,4415,member
145913,4415,member
175594,4415,foreperson
175593,4415,member
175527,4415,member
78904,4415,foreperson
30936,4415,member
130900,4415,member
79147,4415,member
175831,4415,member
145902,4415,member
79317,4415,member
79393,4415,member
145873,4415,member
175472,4415,member
78970,4415,member
175505,4415,member
175407,4415,member
175428,4415,member
175456,4415,alternate_member
146833,4415,member
79421,4415,foreperson
110218,4415,chairperson
79454,4414,alternate_member
145784,4414,alternate_member
145742,4414,alternate_member
121837,4414,alternate_member
145767,4414,alternate_member
175915,4414,alternate_member
134400,4414,alternate_member
119079,4414,alternate_member
164996,4414,alternate_member
78852,4414,member
117547,4414,alternate_member
79358,4414,alternate_member
175610,4414,alternate_member
29534,4414,alternate_member
78957,4414,alternate_member
78988,4414,alternate_member
79132,4414,alternate_member
78855,4414,alternate_member
175851,4414,alternate_member
79322,4414,alternate_member
79335,4414,alternate_member
28896,4414,alternate_member
79391,4414,alternate_member
175892,4414,member
145904,4414,alternate_member
175488,4414,alternate_member
146775,4414,alternate_member
79053,4414,alternate_member
79080,4414,alternate_member
79477,4414,alternate_member
175441,4414,alternate_member
79118,4414,alternate_member
30917,4414,alternate_member
136025,4414,alternate_member
79421,4414,alternate_member
136366,4414,member
78850,4414,foreperson
145806,4414,member
123546,4414,member
147569,4414,member
150299,4414,member
145817,4414,foreperson
118538,4414,member
175709,4414,member
29256,4414,member
134049,4414,foreperson
31751,4414,member
119145,4414,member
175649,4414,foreperson
175580,4414,member
31707,4414,member
78856,4414,member
175542,4414,member
145959,4414,member
175526,4414,alternate_member
138540,4414,member
79062,4414,member
79070,4414,member
79108,4414,foreperson
79141,4414,member
78812,4414,member
79238,4414,member
79332,4414,member
79362,4414,member
78960,4414,member
78996,4414,member
79000,4414,member
175502,4414,member
79066,4414,foreperson
175514,4414,member
168396,4414,member
79268,4414,member
79327,4414,member
79333,4414,vice_chairperson
79356,4414,member
146813,4414,member
146823,4414,member
79432,4414,chairperson
79125,4413,foreperson
175916,4413,member
108761,4413,member
145711,4413,foreperson
122050,4413,member
146425,4413,vice_chairperson
175758,4413,foreperson
149539,4413,member
175598,4413,foreperson
175876,4413,member
145878,4413,member
78988,4413,foreperson
79071,4413,member
78855,4413,member
79242,4413,member
175419,4413,member
175478,4413,member
175485,4413,member
175465,4413,member
79409,4413,member
175489,4413,foreperson
145770,4412,alternate_member
123532,4412,alternate_member
175967,4412,alternate_member
145711,4412,alternate_member
146378,4412,alternate_member
146425,4412,alternate_member
121638,4412,alternate_member
141981,4412,alternate_member
175606,4412,alternate_member
79364,4412,alternate_member
133673,4412,alternate_member
79405,4412,alternate_member
79062,4412,alternate_member
130301,4412,alternate_member
79100,4412,alternate_member
79108,4412,alternate_member
79123,4412,alternate_member
175826,4412,alternate_member
145863,4412,alternate_member
79444,4412,alternate_member
78821,4412,alternate_member
175506,4412,alternate_member
79133,4412,alternate_member
175428,4412,alternate_member
146852,4412,alternate_member
175397,4412,member
175435,4412,alternate_member
146817,4412,alternate_member
130158,4412,alternate_member
122336,4412,foreperson
175904,4412,member
175920,4412,member
121997,4412,foreperson
145833,4412,member
135980,4412,vice_chairperson
175820,4412,foreperson
137163,4412,member
175737,4412,member
146020,4412,member
175532,4412,member
145913,4412,member
175679,4412,member
79217,4412,member
120205,4412,foreperson
145876,4412,member
145879,4412,member
177578,4412,member
78974,4412,member
78979,4412,member
78981,4412,member
139019,4412,member
78810,4412,foreperson
175480,4412,member
175522,4412,member
79127,4412,foreperson
146837,4412,member
175461,4412,alternate_member
133049,4412,member
146793,4412,member
175398,4412,member
79331,4412,member
79389,4412,chairperson
78824,4411,alternate_member
175920,4411,alternate_member
150298,4411,alternate_member
145839,4411,alternate_member
175907,4411,alternate_member
78936,4411,alternate_member
79046,4411,alternate_member
31707,4411,alternate_member
79240,4411,member
133673,4411,alternate_member
175563,4411,alternate_member
78958,4411,alternate_member
177578,4411,alternate_member
78974,4411,alternate_member
78976,4411,alternate_member
145867,4411,alternate_member
145896,4411,member
79150,4411,alternate_member
79239,4411,alternate_member
175830,4411,alternate_member
117510,4411,alternate_member
79476,4411,alternate_member
78926,4411,alternate_member
175394,4411,alternate_member
79036,4411,alternate_member
175443,4411,alternate_member
175521,4411,alternate_member
110102,4411,alternate_member
31119,4411,alternate_member
79252,4411,alternate_member
175436,4411,alternate_member
78883,4411,alternate_member
78948,4411,foreperson
141210,4411,member
145732,4411,foreperson
145823,4411,spokesperson
145747,4411,member
31274,4411,member
29476,4411,member
146329,4411,alternate_member
146406,4411,spokesperson
175760,4411,foreperson
121536,4411,alternate_member
178140,4411,member
175584,4411,member
79004,4411,member
73426,4411,vice_chairperson
66491,4411,alternate_member
175537,4411,foreperson
119861,4411,spokesperson
78904,4411,member
78992,4411,spokesperson
145901,4411,member
79123,4411,member
79242,4411,foreperson
79274,4411,member
79272,4411,member
165049,4411,member
175434,4411,member
78991,4411,member
175506,4411,member
136381,4411,member
78840,4411,member
146801,4411,member
175471,4411,member
79313,4411,member
108581,4411,member
146817,4411,member
79474,4411,foreperson
175920,4410,alternate_member
150298,4410,alternate_member
175922,4410,alternate_member
145771,4410,alternate_member
134400,4410,alternate_member
79479,4410,alternate_member
175626,4410,alternate_member
175593,4410,alternate_member
79103,4410,alternate_member
78856,4410,alternate_member
175555,4410,member
175563,4410,alternate_member
175862,4410,alternate_member
177578,4410,alternate_member
30936,4410,alternate_member
165004,4410,alternate_member
79132,4410,alternate_member
79194,4410,alternate_member
175877,4410,alternate_member
79249,4410,alternate_member
142212,4410,alternate_member
79391,4410,alternate_member
175892,4410,alternate_member
175464,4410,alternate_member
175410,4410,alternate_member
79000,4410,alternate_member
79080,4410,alternate_member
175407,4410,alternate_member
146838,4410,alternate_member
110102,4410,alternate_member
175393,4410,alternate_member
79326,4410,alternate_member
175491,4410,alternate_member
135302,4410,member
132869,4410,foreperson
145784,4410,member
152755,4410,member
121468,4410,member
66285,4410,foreperson
145767,4410,member
146300,4410,member
73691,4410,member
175709,4410,member
175778,4410,member
122050,4410,member
146325,4410,foreperson
121977,4410,member
175649,4410,member
146018,4410,foreperson
175642,4410,member
29534,4410,alternate_member
175596,4410,vice_chairperson
78957,4410,spokesperson
145871,4410,member
78939,4410,member
78797,4410,member
79135,4410,member
79322,4410,foreperson
79336,4410,member
79335,4410,member
145870,4410,member
145904,4410,member
175403,4410,member
78792,4410,member
175472,4410,member
121738,4410,foreperson
29441,4410,member
175441,4410,member
121799,4410,member
175503,4410,member
175408,4410,member
175476,4410,member
136025,4410,member
79421,4410,member
130158,4410,member
79067,4410,chairperson
29202,4408,alternate_member
152755,4408,alternate_member
145791,4408,alternate_member
147321,4408,member
78936,4408,alternate_member
175538,4408,alternate_member
164992,4408,member
66491,4408,alternate_member
78914,4408,alternate_member
79029,4408,alternate_member
79062,4408,alternate_member
130574,4408,alternate_member
78793,4408,alternate_member
175831,4408,alternate_member
79468,4408,alternate_member
79065,4408,alternate_member
175407,4408,alternate_member
175428,4408,alternate_member
146804,4408,alternate_member
133049,4408,alternate_member
79481,4408,alternate_member
146833,4408,alternate_member
175431,4408,alternate_member
149570,4408,alternate_member
108563,4408,foreperson
150298,4408,member
145771,4408,foreperson
122027,4408,member
30864,4408,member
120356,4408,foreperson
175774,4408,member
141981,4408,member
175755,4408,member
79021,4408,member
175557,4408,foreperson
164990,4408,alternate_member
175645,4408,member
173148,4408,member
149653,4408,member
78958,4408,vice_chairperson
145871,4408,member
78851,4408,foreperson
79203,4408,alternate_member
175830,4408,member
175880,4408,member
145863,4408,spokesperson
78999,4408,member
146867,4408,member
175423,4408,member
175490,4408,member
146856,4408,member
175397,4408,member
176737,4408,member
175425,4408,alternate_member
146860,4408,foreperson
175416,4408,member
78883,4408,chairperson
150288,4407,member
32337,4407,member
66273,4407,member
120155,4407,member
119361,4407,member
31751,4407,member
66475,4407,member
136013,4407,member
79129,4407,member
79240,4407,member
78805,4407,member
78836,4407,member
79293,4407,member
79332,4407,member
79378,4407,member
79026,4407,member
146867,4407,member
79140,4407,member
79252,4407,member
79390,4407,member
79091,4407,vice_chairperson
122157,4407,vice_chairperson
78886,4407,vice_chairperson
78793,4407,vice_chairperson
79097,4407,vice_chairperson
79455,4407,chairperson
146117,4405,alternate_member
145747,4405,alternate_member
122063,4405,alternate_member
145795,4405,alternate_member
150291,4405,member
175923,4405,alternate_member
178140,4405,alternate_member
164996,4405,alternate_member
146018,4405,alternate_member
175557,4405,alternate_member
164990,4405,alternate_member
66491,4405,alternate_member
175642,4405,alternate_member
175537,4405,alternate_member
175867,4405,alternate_member
78953,4405,alternate_member
78981,4405,alternate_member
175871,4405,alternate_member
145901,4405,alternate_member
79203,4405,alternate_member
79272,4405,alternate_member
145874,4405,alternate_member
123288,4405,alternate_member
78870,4405,alternate_member
79433,4405,alternate_member
165049,4405,alternate_member
145885,4405,alternate_member
78938,4405,alternate_member
79036,4405,alternate_member
175445,4405,alternate_member
175456,4405,alternate_member
175408,4405,alternate_member
78859,4405,alternate_member
79266,4405,alternate_member
79313,4405,alternate_member
176737,4405,alternate_member
175404,4405,alternate_member
146860,4405,alternate_member
175405,4405,alternate_member
79474,4405,alternate_member
146166,4405,member
78882,4405,foreperson
145723,4405,member
123546,4405,member
145783,4405,member
175922,4405,foreperson
175745,4405,member
119147,4405,member
146352,4405,member
136537,4405,foreperson
146013,4405,member
79479,4405,foreperson
79046,4405,member
79117,4405,member
78852,4405,member
175563,4405,member
175526,4405,member
149653,4405,member
78817,4405,member
78974,4405,member
78976,4405,member
79029,4405,member
175869,4405,member
79106,4405,member
130574,4405,member
175873,4405,member
79239,4405,vice_chairperson
175877,4405,member
145893,4405,foreperson
120442,4405,member
79053,4405,foreperson
175443,4405,member
146824,4405,member
175469,4405,member
175484,4405,member
110102,4405,member
175401,4405,member
79481,4405,member
79359,4405,member
175465,4405,member
175438,4405,member
79051,4405,chairperson
150296,4404,alternate_member
130094,4404,alternate_member
164996,4404,alternate_member
158733,4404,alternate_member
78819,4404,alternate_member
175596,4404,alternate_member
78805,4404,alternate_member
145879,4404,alternate_member
175836,4404,alternate_member
79147,4404,alternate_member
79192,4404,alternate_member
79203,4404,alternate_member
79293,4404,alternate_member
79295,4404,alternate_member
79336,4404,alternate_member
145862,4404,alternate_member
78913,4404,alternate_member
175505,4404,alternate_member
79023,4404,alternate_member
146839,4404,alternate_member
78840,4404,alternate_member
175461,4404,member
79387,4404,alternate_member
175404,4404,alternate_member
175438,4404,alternate_member
108924,4404,advisory_member
122063,4404,member
147218,4404,foreperson
32337,4404,member
120169,4404,alternate_member
29256,4404,vice_chairperson
121536,4404,member
146359,4404,member
119145,4404,member
175538,4404,member
66475,4404,member
136080,4404,member
79217,4404,alternate_member
130480,4404,member
117431,4404,foreperson
175867,4404,alternate_member
78953,4404,member
175871,4404,member
79116,4404,foreperson
145896,4404,member
79134,4404,member
79227,4404,member
142212,4404,member
79307,4404,member
175409,4404,member
175439,4404,member
175516,4404,member
138463,4404,member
121602,4404,member
175491,4404,member
79390,4404,member
175496,4404,foreperson
146823,4404,member
78916,4404,chairperson
122336,4403,alternate_member
165157,4403,alternate_member
145830,4403,alternate_member
122027,4403,alternate_member
120104,4403,alternate_member
175610,4403,alternate_member
130480,4403,alternate_member
138540,4403,alternate_member
145871,4403,alternate_member
78836,4403,alternate_member
79108,4403,alternate_member
175863,4403,alternate_member
79214,4403,alternate_member
79233,4403,alternate_member
79393,4403,alternate_member
79051,4403,alternate_member
79064,4403,alternate_member
175515,4403,alternate_member
79483,4403,alternate_member
146856,4403,alternate_member
175447,4403,alternate_member
108427,4403,member
78888,4403,member
145806,4403,member
145835,4403,foreperson
175915,4403,member
168306,4403,member
137432,4403,foreperson
135322,4403,member
66705,4403,alternate_member
146416,4403,member
164992,4403,vice_chairperson
145921,4403,member
149539,4403,foreperson
117547,4403,member
79364,4403,member
145888,4403,member
108783,4403,member
130301,4403,member
66005,4403,member
175894,4403,member
125186,4403,member
175872,4403,member
79397,4403,member
79465,4403,foreperson
175394,4403,member
146775,4403,member
175412,4403,member
140944,4403,member
175439,4403,member
67018,4403,alternate_member
175467,4403,member
175436,4403,foreperson
130418,4403,member
79027,4403,chairperson
145764,4402,alternate_member
145754,4402,alternate_member
150288,4402,alternate_member
78944,4402,alternate_member
121977,4402,alternate_member
120104,4402,alternate_member
175537,4402,member
173148,4402,alternate_member
120205,4402,alternate_member
145879,4402,alternate_member
78976,4402,alternate_member
175869,4402,alternate_member
145902,4402,alternate_member
108738,4402,alternate_member
79366,4402,alternate_member
79391,4402,alternate_member
79433,4402,alternate_member
79444,4402,alternate_member
175453,4402,alternate_member
121738,4402,alternate_member
175441,4402,alternate_member
79133,4402,alternate_member
146837,4402,alternate_member
133049,4402,alternate_member
175398,4402,alternate_member
175416,4402,alternate_member
146055,4402,member
79198,4402,alternate_member
145830,4402,member
122027,4402,member
145789,4402,foreperson
120169,4402,foreperson
146348,4402,member
175820,4402,member
175781,4402,member
79040,4402,member
66491,4402,member
133673,4402,member
175862,4402,member
78919,4402,member
145888,4402,member
175888,4402,alternate_member
175863,4402,member
79249,4402,member
78865,4402,member
79345,4402,member
175826,4402,member
139019,4402,foreperson
78821,4402,foreperson
78960,4402,member
175519,4402,member
175415,4402,member
175433,4402,member
146793,4402,member
175476,4402,member
175404,4402,member
175437,4402,member
79405,4402,chairperson
145840,4400,alternate_member
145711,4400,alternate_member
145833,4400,alternate_member
145969,4400,alternate_member
79103,4400,alternate_member
136080,4400,alternate_member
117431,4400,alternate_member
78904,4400,alternate_member
78914,4400,alternate_member
78818,4400,alternate_member
145876,4400,alternate_member
79011,4400,alternate_member
145890,4400,alternate_member
118559,4400,alternate_member
79345,4400,alternate_member
145903,4400,alternate_member
165049,4400,alternate_member
146775,4400,alternate_member
175461,4400,alternate_member
175393,4400,alternate_member
175490,4400,alternate_member
79241,4400,alternate_member
79320,4400,alternate_member
121492,4400,alternate_member
124218,4400,alternate_member
175389,4400,alternate_member
66565,4400,foreperson
145808,4400,member
145764,4400,member
145742,4400,foreperson
175923,4400,member
130489,4400,member
119621,4400,foreperson
146020,4400,member
175627,4400,member
175643,4400,foreperson
159644,4400,member
78878,4400,member
145877,4400,foreperson
73300,4400,member
79100,4400,vice_chairperson
118790,4400,member
79329,4400,spokesperson
79343,4400,member
175870,4400,member
79427,4400,member
146835,4400,member
78938,4400,member
146784,4400,member
141311,4400,member
175485,4400,member
146847,4400,member
175457,4400,member
175458,4400,member
79301,4400,foreperson
175424,4400,member
175447,4400,member
145784,4399,alternate_member
146020,4399,alternate_member
130480,4399,alternate_member
145877,4399,alternate_member
170325,4399,alternate_member
79149,4399,alternate_member
175830,4399,alternate_member
146775,4399,alternate_member
146867,4399,alternate_member
146847,4399,alternate_member
175512,4399,alternate_member
79481,4399,alternate_member
145795,4399,spokesperson
165157,4399,foreperson
30864,4399,foreperson
121977,4399,foreperson
79364,4399,member
79249,4399,spokesperson
79397,4399,foreperson
79433,4399,member
78902,4399,spokesperson
78910,4399,vice_chairperson
175459,4399,member
79268,4399,alternate_member
79331,4399,member
79029,4399,chairperson
132869,4398,alternate_member
175916,4398,alternate_member
145789,4398,alternate_member
146018,4398,alternate_member
145984,4398,alternate_member
149539,4398,alternate_member
175894,4398,alternate_member
79123,4398,alternate_member
79336,4398,alternate_member
78810,4398,alternate_member
78913,4398,alternate_member
79018,4398,alternate_member
147218,4397,alternate_member
149682,4398,alternate_member
79331,4398,alternate_member
175465,4398,alternate_member
79328,4398,foreperson
145784,4398,member
121468,4398,foreperson
137432,4398,member
146359,4398,foreperson
146013,4398,spokesperson
159644,4398,vice_chairperson
78979,4398,member
78797,4398,member
79134,4398,spokesperson
118790,4398,member
79335,4398,foreperson
175434,4398,member
175412,4398,member
79077,4398,foreperson
175406,4398,member
146856,4398,member
170287,4398,chairperson
145817,4397,alternate_member
79479,4397,alternate_member
175580,4397,alternate_member
78856,4397,alternate_member
118494,4397,alternate_member
146042,4397,alternate_member
146028,4397,alternate_member
145898,4397,alternate_member
145872,4397,alternate_member
79134,4397,alternate_member
79150,4397,alternate_member
79299,4397,alternate_member
123288,4397,alternate_member
78863,4397,alternate_member
29084,4397,alternate_member
175403,4397,alternate_member
175478,4397,alternate_member
139062,4397,alternate_member
79080,4397,alternate_member
121492,4397,alternate_member
79281,4397,member
150294,4397,spokesperson
150291,4397,member
147226,4397,foreperson
175759,4397,member
119079,4397,alternate_member
175696,4397,foreperson
134283,4397,spokesperson
175755,4397,member
145969,4397,spokesperson
175587,4397,member
145984,4397,member
175543,4397,spokesperson
175642,4397,member
142259,4397,member
78825,4397,foreperson
175836,4397,member
66005,4397,member
29490,4397,member
79226,4397,spokesperson
175877,4397,member
79369,4397,alternate_member
175892,4397,alternate_member
136824,4397,vice_chairperson
78970,4397,member
29441,4397,member
79018,4397,member
146847,4397,member
79266,4397,member
175518,4397,member
176737,4397,alternate_member
146817,4397,member
130158,4397,member
79294,4397,chairperson
145806,4396,alternate_member
175916,4396,member
121468,4396,alternate_member
145791,4396,alternate_member
79240,4396,alternate_member
78797,4396,alternate_member
79011,4396,alternate_member
175894,4396,alternate_member
78847,4396,alternate_member
145874,4396,alternate_member
123288,4396,alternate_member
79322,4396,alternate_member
79329,4396,alternate_member
79468,4396,alternate_member
175415,4396,alternate_member
175469,4396,alternate_member
79483,4396,alternate_member
175457,4396,alternate_member
175503,4396,member
79387,4396,alternate_member
146833,4396,alternate_member
29199,4396,foreperson
29202,4396,member
175918,4396,member
118538,4396,member
73691,4396,foreperson
175778,4396,member
146407,4396,spokesperson
117547,4396,alternate_member
146028,4396,foreperson
175876,4396,member
175836,4396,member
175869,4396,member
79480,4396,foreperson
79277,4396,member
175851,4396,member
79404,4396,member
79427,4396,spokesperson
145893,4396,member
175403,4396,member
78792,4396,foreperson
175410,4396,member
175522,4396,member
175471,4396,member
175521,4396,member
121799,4396,member
175398,4396,vice_chairperson
175435,4396,member
79040,4396,chairperson
150298,4395,alternate_member
175902,4395,alternate_member
150291,4395,alternate_member
146013,4395,alternate_member
31707,4395,alternate_member
175557,4395,alternate_member
79275,4395,alternate_member
146042,4395,alternate_member
149653,4395,alternate_member
78992,4395,alternate_member
79011,4395,alternate_member
79070,4395,alternate_member
130574,4395,alternate_member
175872,4395,alternate_member
79065,4395,alternate_member
79111,4395,alternate_member
117519,4395,alternate_member
175423,4395,alternate_member
79252,4395,alternate_member
79359,4395,alternate_member
175425,4395,alternate_member
175437,4395,alternate_member
78824,4395,alternate_member
79353,4395,foreperson
121837,4395,member
145791,4395,foreperson
150288,4395,member
145732,4394,alternate_member
175904,4394,alternate_member
147569,4394,alternate_member
165654,4395,foreperson
146289,4395,spokesperson
135407,4395,member
177310,4395,member
158733,4395,member
146043,4395,member
175532,4394,alternate_member
175606,4395,foreperson
146027,4395,member
145898,4395,member
175543,4394,member
175541,4394,alternate_member
175596,4394,alternate_member
120254,4394,alternate_member
78939,4394,alternate_member
78993,4394,alternate_member
30936,4395,member
79146,4395,member
79068,4394,alternate_member
79277,4395,spokesperson
175873,4394,alternate_member
79346,4395,member
79238,4394,alternate_member
28896,4395,member
108738,4394,alternate_member
79418,4394,alternate_member
146835,4394,alternate_member
175519,4394,alternate_member
140944,4394,alternate_member
146838,4394,alternate_member
121799,4394,alternate_member
149682,4394,alternate_member
175512,4394,alternate_member
145770,4394,member
123532,4394,member
145844,4394,foreperson
79418,4395,member
123559,4394,member
145885,4395,member
146375,4394,member
79476,4395,foreperson
30002,4394,member
175464,4395,member
146326,4394,foreperson
175410,4395,member
141981,4394,member
175626,4394,foreperson
146784,4395,member
29534,4394,member
145959,4394,member
121603,4394,member
78914,4394,member
175488,4395,member
145872,4394,member
175519,4395,vice_chairperson
175445,4395,member
175515,4395,member
78847,4394,member
30917,4395,member
145899,4394,member
78859,4395,foreperson
29490,4394,member
110066,4394,member
79404,4394,foreperson
78926,4394,foreperson
175459,4394,member
146792,4394,vice_chairperson
136824,4394,member
175435,4395,member
146839,4394,member
79077,4394,member
79358,4395,chairperson
138463,4394,member
79252,4394,member
175447,4394,member
119082,4394,chairperson
79281,4392,alternate_member
175918,4392,alternate_member
108761,4392,alternate_member
175643,4392,alternate_member
145984,4392,alternate_member
175603,4392,alternate_member
147218,4393,member
145789,4393,alternate_member
29297,4393,alternate_member
31751,4393,alternate_member
146043,4393,alternate_member
175645,4392,member
78878,4392,alternate_member
120254,4392,alternate_member
175876,4392,alternate_member
136080,4393,alternate_member
175542,4393,alternate_member
78932,4392,alternate_member
78818,4392,alternate_member
78953,4392,alternate_member
78831,4392,alternate_member
79071,4392,alternate_member
79100,4392,alternate_member
78847,4392,alternate_member
175888,4392,alternate_member
79227,4392,alternate_member
79346,4392,alternate_member
78881,4392,alternate_member
175419,4392,alternate_member
175412,4392,alternate_member
29441,4392,alternate_member
175515,4392,alternate_member
175516,4392,alternate_member
79241,4392,alternate_member
121602,4392,alternate_member
79320,4392,alternate_member
78939,4393,alternate_member
175518,4392,alternate_member
175871,4393,alternate_member
175424,4392,alternate_member
79293,4393,alternate_member
79370,4393,alternate_member
145862,4393,alternate_member
78913,4393,alternate_member
175412,4393,alternate_member
146839,4393,alternate_member
175439,4393,alternate_member
138463,4393,alternate_member
79334,4392,foreperson
79420,4392,member
175931,4392,member
31221,4392,alternate_member
147331,4392,member
146860,4393,alternate_member
31216,4392,member
175793,4392,member
146360,4392,member
32337,4393,foreperson
119361,4393,foreperson
66475,4393,member
136013,4393,foreperson
79129,4393,member
78836,4393,foreperson
175693,4392,member
142264,4392,foreperson
79116,4393,member
79307,4393,member
79312,4393,member
79026,4393,member
121602,4393,member
79390,4393,foreperson
175496,4393,member
118195,4392,member
136537,4392,member
146823,4393,vice_chairperson
145969,4392,member
175438,4393,member
79146,4393,chairperson
175627,4392,member
175580,4392,member
79103,4392,alternate_member
175624,4392,member
146028,4392,member
118138,4392,member
79043,4392,member
79069,4392,member
78851,4392,member
130072,4392,member
79237,4392,member
79246,4392,member
78863,4392,foreperson
79344,4392,member
145903,4392,vice_chairperson
79446,4392,member
29084,4392,member
139062,4392,member
78998,4392,member
108960,4392,foreperson
79097,4392,member
79111,4392,member
79118,4392,member
117519,4392,member
175406,4392,member
175393,4392,member
79409,4392,member
121492,4392,member
175389,4392,member
79042,4392,chairperson
122336,4373,alternate_member
147321,4373,member
145806,4373,alternate_member
142152,4373,alternate_member
66491,4373,alternate_member
175862,4373,alternate_member
145870,4373,alternate_member
145885,4373,alternate_member
175404,4373,foreperson
146117,4373,foreperson
30002,4373,foreperson
79046,4373,foreperson
79117,4373,member
175527,4373,alternate_member
79141,4373,foreperson
145899,4373,vice_chairperson
78999,4373,alternate_member
78991,4373,chairperson
79027,4373,member
175423,4373,member
175401,4373,member
79353,4371,alternate_member
120819,4371,alternate_member
31221,4371,alternate_member
145767,4371,alternate_member
32337,4371,alternate_member
119361,4371,member
135929,4371,member
79090,4371,alternate_member
78856,4371,alternate_member
119861,4371,alternate_member
78818,4371,alternate_member
78836,4371,alternate_member
79192,4371,alternate_member
78851,4371,alternate_member
79238,4371,alternate_member
79412,4371,alternate_member
79418,4371,alternate_member
79434,4371,alternate_member
78926,4371,alternate_member
79036,4371,alternate_member
79026,4371,alternate_member
79065,4371,alternate_member
79133,4371,alternate_member
79252,4371,alternate_member
79320,4371,alternate_member
79390,4371,alternate_member
78850,4371,member
146166,4371,member
145823,4371,member
145742,4371,member
66273,4371,member
78819,4371,member
79240,4371,member
79403,4371,member
78878,4371,member
78976,4371,member
79011,4371,member
78867,4371,member
119082,4371,member
78870,4371,member
79378,4371,member
79433,4371,member
78913,4371,member
79014,4371,member
79066,4371,member
79080,4371,member
79127,4371,member
79140,4371,member
79411,4371,member
78884,4371,member
79474,4371,member
