fraktion,redner_id,vorname,nachname,anzahl_reden,wortanzahl_gesamt
AfD,11004678,Stephan,Brandner,184,67520
AfD,11004731,Kay,Gottschalk,86,50701
AfD,11004781,Norbert,Kleinwächter,72,37419
AfD,11004752,Karsten,Hilse,81,35945
AfD,11004695,Tino,Chrupalla,36,35244
AfD,11004792,Rainer,Kraft,90,35069
AfD,11004892,Martin,Sichert,82,32337
AfD,11004722,Götz,Frömming,59,31143
AfD,11004698,Gottfried,Curio,61,30510
AfD,11004791,Steffen,Kotré,66,29806
AfD,11005091,Gerrit,Huy,56,26804
AfD,11004873,Ulrike,Schielke-Ziesing,41,26514
AfD,11004669,Marc,Bernhard,66,26382
AfD,11004675,Peter,Boehringer,51,26175
AfD,11004711,Michael,Espendiller,38,25078
AfD,11004753,Nicole,Höchst,58,23025
AfD,11004761,Leif-Erik,Holm,42,22736
AfD,11004905,Beatrix,von Storch,73,22721
AfD,11004930,Alice,Weidel,23,22631
AfD,11004787,Enrico,Komning,49,22506
AfD,11005203,Bernd,Schattner,39,21884
AfD,11004662,Bernd,Baumann,43,21615
AfD,11004767,Fabian,Jacobi,46,21439
AfD,11004933,Wolfgang,Wiehle,46,20923
AfD,11004899,Dirk,Spaniel,42,20220
AfD,11004768,Marc,Jongen,36,20012
AfD,11004778,Stefan,Keuter,41,19711
AfD,11004680,Jürgen,Braun,43,19534
AfD,11005264,Joachim,Wundrak,38,19287
AfD,11004859,Martin,Reichardt,65,18352
AfD,11004749,Martin,Hess,37,18312
AfD,11005066,Hannes,Gnauck,34,17992
AfD,11004788,Jörn,König,37,17636
AfD,11005099,Malte,Kaufmann,44,17565
AfD,11005232,Klaus,Stöber,35,17323
AfD,11004727,Albrecht,Glaser,35,17062
AfD,11005020,Roger,Beckamp,39,17042
AfD,11004891,Thomas,Seitz,32,16969
AfD,11004936,Christian,Wirth,34,16888
AfD,11004721,Markus,Frohnmaier,43,16029
AfD,11004674,Andreas,Bleck,34,16013
AfD,11004900,René,Springer,34,15783
AfD,11005100,Michael,Kaufmann,43,15771
AfD,11005092,Steffen,Janich,36,15247
AfD,11004850,Tobias Matthias,Peterka,37,15064
AfD,11004836,Sebastian,Münzenmaier,25,14901
AfD,11005157,Matthias,Moosdorf,30,14645
AfD,11005018,Christina,Baum,43,14025
AfD,11004858,Stephan,Protschka,35,13704
AfD,11004807,Rüdiger,Lucassen,41,13176
AfD,11005014,Carolin,Bachmann,32,12296
AfD,11005029,Gereon,Bollmann,30,12210
AfD,11005031,Dirk,Brandes,33,11756
AfD,11004687,Marcus,Bühl,32,11730
AfD,11005265,Kay-Uwe,Ziegler,33,11139
AfD,11004714,Peter,Felser,23,10708
AfD,11005189,Frank,Rinck,24,10684
AfD,11005209,Eugen,Schmidt,28,9692
AfD,11004846,Gerold,Otten,16,9636
AfD,11004707,Thomas,Ehrhorn,23,9539
AfD,11004692,Petr,Bystron,23,9229
AfD,11004932,Harald,Weyel,19,8974
AfD,11004842,Jan Ralf,Nolte,14,7724
AfD,11004719,Dietmar,Friedhoff,24,7356
AfD,11004856,Jürgen,Pohl,15,7316
AfD,11004880,Jörg,Schneider,13,6992
AfD,11005156,Mike,Moncsek,14,6796
AfD,11004862,Martin Erwin,Renner,15,6242
AfD,11004736,Mariana Iris,Harder-Kühnel,15,6134
AfD,11005026,René,Bochmann,18,5939
AfD,11005042,Thomas,Dietz,12,5717
AfD,11004724,Alexander,Gauland,13,5479
AfD,11005126,Barbara,Benkstein,12,5441
AfD,11005210,Jan Wenzel,Schmidt,14,4929
AfD,11004696,Joana,Cotar,7,4348
AfD,11005126,Barbara,Lenk,10,4122
AfD,11005305,Rainer,Rothfuß,13,2708
AfD,11005053,Robert,Farle,5,2184
AfD,11005166,Edgar,Naujok,7,2031
AfD,11004739,Jochen,Haug,4,1489
AfD,11004888,Uwe,Schulz,2,1092
AfD,11004905,Beatrix,"von
                                Storch",1,609
AfD,11005210,"Jan
                                Wenzel",Schmidt,2,602
BSW,11003753,Klaus,Ernst,30,10488
BSW,11004183,Sahra,Wagenknecht,21,7361
BSW,11003746,Sevim,Dağdelen,26,7043
BSW,11003858,Alexander,Ulrich,16,6022
BSW,11004060,Andrej,Hunko,20,6010
BSW,11004823,Amira,Mohamed Ali,14,4450
BSW,11004911,Jessica,Tatti,8,3094
BSW,11005127,Christian,Leye,8,2651
BSW,11005007,Ali,Al-Dailami,4,1314
BSW,11004837,Zaklin,Nastic,6,1293
BÜNDNIS 90/­DIE GRÜNEN,11005095,Lamya,Kaddor,83,53770
BÜNDNIS 90/­DIE GRÜNEN,11005019,Katharina,Beck,69,43834
BÜNDNIS 90/­DIE GRÜNEN,11005011,Andreas,Audretsch,61,42438
BÜNDNIS 90/­DIE GRÜNEN,11005012,Maik,Außendorf,66,39391
BÜNDNIS 90/­DIE GRÜNEN,11005016,Felix,Banaszak,58,37809
BÜNDNIS 90/­DIE GRÜNEN,11005228,Till,Steffen,68,36420
BÜNDNIS 90/­DIE GRÜNEN,11004969,Marcel,Emmerich,62,33780
BÜNDNIS 90/­DIE GRÜNEN,11005180,Paula,Piechotta,45,33233
BÜNDNIS 90/­DIE GRÜNEN,11005201,Sebastian,Schäfer,62,31375
BÜNDNIS 90/­DIE GRÜNEN,11004263,Katharina,Dröge,27,30811
BÜNDNIS 90/­DIE GRÜNEN,11005083,Bernhard,Herrmann,50,30591
BÜNDNIS 90/­DIE GRÜNEN,11004070,Sven-Christian,Kindler,34,30243
BÜNDNIS 90/­DIE GRÜNEN,11005132,Helge,Limburg,52,29930
BÜNDNIS 90/­DIE GRÜNEN,11004119,Ingrid,Nestle,46,28899
BÜNDNIS 90/­DIE GRÜNEN,11005039,Sandra,Detzer,66,28834
BÜNDNIS 90/­DIE GRÜNEN,11004665,Canan,Bayram,61,28306
BÜNDNIS 90/­DIE GRÜNEN,11003576,Renate,Künast,48,28241
BÜNDNIS 90/­DIE GRÜNEN,11005086,Bruno,Hönel,41,27456
BÜNDNIS 90/­DIE GRÜNEN,11004726,Stefan,Gelbhaar,52,26433
BÜNDNIS 90/­DIE GRÜNEN,11004117,Beate,Müller-Gemmeke,56,25884
BÜNDNIS 90/­DIE GRÜNEN,11003246,Jürgen,Trittin,50,25615
BÜNDNIS 90/­DIE GRÜNEN,11004106,Agnieszka,Brugger,42,25411
BÜNDNIS 90/­DIE GRÜNEN,11005162,Sascha,Müller,40,24620
BÜNDNIS 90/­DIE GRÜNEN,11003764,Britta,Haßelmann,29,24289
BÜNDNIS 90/­DIE GRÜNEN,11004353,Irene,Mihalic,40,24105
BÜNDNIS 90/­DIE GRÜNEN,11003578,Markus,Kurth,36,23688
BÜNDNIS 90/­DIE GRÜNEN,11005227,Nina,Stahr,49,23412
BÜNDNIS 90/­DIE GRÜNEN,11003888,Wolfgang,Strengmann-Kuhn,41,22699
BÜNDNIS 90/­DIE GRÜNEN,11004857,Filiz,Polat,41,22400
BÜNDNIS 90/­DIE GRÜNEN,11005113,Laura,Kraft,41,22138
BÜNDNIS 90/­DIE GRÜNEN,11005045,Deborah,Düring,49,21950
BÜNDNIS 90/­DIE GRÜNEN,11004429,Julia,Verlinden,35,21577
BÜNDNIS 90/­DIE GRÜNEN,11005200,Jamila,Schäfer,35,21133
BÜNDNIS 90/­DIE GRÜNEN,11004962,Janosch,Dahmen,40,20501
BÜNDNIS 90/­DIE GRÜNEN,11005164,Sara,Nanni,47,20410
BÜNDNIS 90/­DIE GRÜNEN,11005070,Armin,Grau,42,19402
BÜNDNIS 90/­DIE GRÜNEN,11005078,Linda,Heitmann,46,19302
BÜNDNIS 90/­DIE GRÜNEN,11004659,Lisa,Badum,40,19033
BÜNDNIS 90/­DIE GRÜNEN,11005022,Lukas,Benner,34,18512
BÜNDNIS 90/­DIE GRÜNEN,11005047,Leon,Eckert,55,18115
BÜNDNIS 90/­DIE GRÜNEN,11004312,Dieter,Janecek,29,17780
BÜNDNIS 90/­DIE GRÜNEN,11004072,Maria,Klein-Schmeink,34,17744
BÜNDNIS 90/­DIE GRÜNEN,11005212,Marlene,Schönberger,40,17398
BÜNDNIS 90/­DIE GRÜNEN,11005034,Frank,Bsirske,33,17096
BÜNDNIS 90/­DIE GRÜNEN,11005230,Hanna,Steinmüller,37,16636
BÜNDNIS 90/­DIE GRÜNEN,11005226,Merle,Spellerberg,29,16609
BÜNDNIS 90/­DIE GRÜNEN,11005065,Jan-Niclas,Gesenhues,39,16555
BÜNDNIS 90/­DIE GRÜNEN,11005155,Boris,Mijatović,26,16358
BÜNDNIS 90/­DIE GRÜNEN,11003756,Kai,Gehring,35,16077
BÜNDNIS 90/­DIE GRÜNEN,11005004,Stephanie,Aeffner,35,16030
BÜNDNIS 90/­DIE GRÜNEN,11004733,Erhard,Grundl,28,15966
BÜNDNIS 90/­DIE GRÜNEN,11005173,Julian,Pahlke,29,15822
BÜNDNIS 90/­DIE GRÜNEN,11005246,Robin,Wagener,25,15729
BÜNDNIS 90/­DIE GRÜNEN,11005214,Christina-Johanne,Schröder,46,15550
BÜNDNIS 90/­DIE GRÜNEN,11004123,Konstantin,von Notz,33,15546
BÜNDNIS 90/­DIE GRÜNEN,11005248,Johannes,Wagner,41,15344
BÜNDNIS 90/­DIE GRÜNEN,11005013,Tobias B.,Bacherle,29,15276
BÜNDNIS 90/­DIE GRÜNEN,11004215,Harald,Ebner,35,15126
BÜNDNIS 90/­DIE GRÜNEN,11005224,Nyke,Slawik,32,14892
BÜNDNIS 90/­DIE GRÜNEN,11004877,Stefan,Schmidt,36,14823
BÜNDNIS 90/­DIE GRÜNEN,11005134,Max,Lucks,31,14564
BÜNDNIS 90/­DIE GRÜNEN,11004390,Corinna,Rüffer,22,14471
BÜNDNIS 90/­DIE GRÜNEN,11005080,Kathrin,Henneberger,44,14256
BÜNDNIS 90/­DIE GRÜNEN,11005111,Chantal,Kopf,28,14154
BÜNDNIS 90/­DIE GRÜNEN,11005242,Katrin,Uhlig,33,14136
BÜNDNIS 90/­DIE GRÜNEN,11005104,Misbah,Khan,28,14002
BÜNDNIS 90/­DIE GRÜNEN,11005114,Philip,Krämer,25,13597
BÜNDNIS 90/­DIE GRÜNEN,11004773,Kirsten,Kappert-Gonther,31,12737
BÜNDNIS 90/­DIE GRÜNEN,11005149,Susanne,Menge,34,12648
BÜNDNIS 90/­DIE GRÜNEN,11005059,Schahina,Gambir,30,12568
BÜNDNIS 90/­DIE GRÜNEN,11005197,Kassem,Taher Saleh,33,12384
BÜNDNIS 90/­DIE GRÜNEN,11005172,Karoline,Otte,29,12261
BÜNDNIS 90/­DIE GRÜNEN,11004138,Tabea,Rößner,22,12215
BÜNDNIS 90/­DIE GRÜNEN,11005187,Anja,Reinalter,27,11991
BÜNDNIS 90/­DIE GRÜNEN,11003132,Katrin,Göring-Eckardt,17,11943
BÜNDNIS 90/­DIE GRÜNEN,11004694,Anna,Christmann,26,11905
BÜNDNIS 90/­DIE GRÜNEN,11004278,Matthias,Gastel,20,11574
BÜNDNIS 90/­DIE GRÜNEN,11004405,Kordula,Schulz-Asche,23,11189
BÜNDNIS 90/­DIE GRÜNEN,11005071,Sabine,Grützmacher,20,11128
BÜNDNIS 90/­DIE GRÜNEN,11005152,Swantje Henrike,Michaelsen,22,11017
BÜNDNIS 90/­DIE GRÜNEN,11005259,Tina,Winklmann,24,10999
BÜNDNIS 90/­DIE GRÜNEN,11005130,Anja,Liebert,22,10377
BÜNDNIS 90/­DIE GRÜNEN,11003881,Omid,Nouripour,13,10249
BÜNDNIS 90/­DIE GRÜNEN,11005133,Denise,Loop,23,9921
BÜNDNIS 90/­DIE GRÜNEN,11005060,Tessa,Ganserer,22,9688
BÜNDNIS 90/­DIE GRÜNEN,11005055,Emilia,Fester,21,9437
BÜNDNIS 90/­DIE GRÜNEN,11005237,Awet,Tesfaiesus,24,9185
BÜNDNIS 90/­DIE GRÜNEN,11005017,Karl,Bär,28,9142
BÜNDNIS 90/­DIE GRÜNEN,11005253,Saskia,Weishaupt,16,9049
BÜNDNIS 90/­DIE GRÜNEN,11003772,Anton,Hofreiter,16,8768
BÜNDNIS 90/­DIE GRÜNEN,11004395,Ulle,Schauws,23,7780
BÜNDNIS 90/­DIE GRÜNEN,11005225,Anne Monika,Spallek,17,6737
BÜNDNIS 90/­DIE GRÜNEN,11005121,Ricarda,Lang,9,6693
BÜNDNIS 90/­DIE GRÜNEN,11005312,Franziska,Krumwiede-Steiner,15,6209
BÜNDNIS 90/­DIE GRÜNEN,11005145,Zoe,Mayer,16,6197
BÜNDNIS 90/­DIE GRÜNEN,11004866,Manuela,Rottmann,9,5728
BÜNDNIS 90/­DIE GRÜNEN,11005245,Niklas,Wagener,11,5133
BÜNDNIS 90/­DIE GRÜNEN,11004127,Lisa,Paus,8,4724
BÜNDNIS 90/­DIE GRÜNEN,11005255,Stefan,Wenzel,7,3555
BÜNDNIS 90/­DIE GRÜNEN,11005311,Jürgen,Kretz,9,3213
BÜNDNIS 90/­DIE GRÜNEN,11005298,Michael,Sacher,5,2825
BÜNDNIS 90/­DIE GRÜNEN,11004762,Ottmar Wilhelm,von Holtz,7,2784
BÜNDNIS 90/­DIE GRÜNEN,11004245,Annalena,Baerbock,3,2781
BÜNDNIS 90/­DIE GRÜNEN,11005222,Melis,Sekmen,6,2556
BÜNDNIS 90/­DIE GRÜNEN,11004830,Claudia,Müller,4,2263
BÜNDNIS 90/­DIE GRÜNEN,11003068,Ekin,Deligöz,3,2234
BÜNDNIS 90/­DIE GRÜNEN,11005013,Tobias,Bacherle,4,2048
BÜNDNIS 90/­DIE GRÜNEN,11005102,Michael,Kellner,4,1971
BÜNDNIS 90/­DIE GRÜNEN,11004243,Luise,Amtsberg,4,1803
BÜNDNIS 90/­DIE GRÜNEN,11004801,Sven,Lehmann,5,1624
BÜNDNIS 90/­DIE GRÜNEN,11004255,Franziska,Brantner,2,1593
BÜNDNIS 90/­DIE GRÜNEN,11004221,Beate,Walter-Rosenheimer,2,898
BÜNDNIS 90/­DIE GRÜNEN,11005167,Ophelia,Nick,1,730
BÜNDNIS 90/­DIE GRÜNEN,11004081,Oliver,Krischer,1,688
BÜNDNIS 90/­DIE GRÜNEN,11004333,Christian,Kühn,1,634
BÜNDNIS 90/­DIE GRÜNEN,11004067,Katja,Keul,1,619
BÜNDNIS 90/­DIE GRÜNEN,11005074,Robert,Habeck,1,490
BÜNDNIS 90/­DIE GRÜNEN,11005197,Kassem Taher,Saleh,1,412
BÜNDNIS 90/­DIE GRÜNEN,11002720,Steffi,Lemke,1,281
BÜNDNIS 90/­DIE GRÜNEN,11003212,Claudia,Roth,1,32
CDU/CSU,11002735,Friedrich,Merz,50,76428
CDU/CSU,11003638,Jens,Spahn,59,53953
CDU/CSU,11004682,Sebastian,Brehm,71,53515
CDU/CSU,11004427,Volker,Ullrich,106,50187
CDU/CSU,11004656,Philipp,Amthor,69,44686
CDU/CSU,11004050,Jürgen,Hardt,85,44302
CDU/CSU,11003780,Andreas,Jung,65,42989
CDU/CSU,11003586,Dorothee,Bär,67,42791
CDU/CSU,11003516,Alexander,Dobrindt,48,42766
CDU/CSU,11005261,Mechthilde,Wittmann,76,41054
CDU/CSU,11004100,Jan-Marco,Luczak,65,40859
CDU/CSU,11004342,Andrea,Lindholz,62,39210
CDU/CSU,11003566,Julia,Klöckner,68,39029
CDU/CSU,11004061,Thomas,Jarzombek,73,38130
CDU/CSU,11004917,Alexander,Throm,65,36925
CDU/CSU,11004182,Johann David,Wadephul,60,36781
CDU/CSU,11004304,Alexander,Hoffmann,60,34176
CDU/CSU,11004116,Nadine,Schön,60,33853
CDU/CSU,11004276,Thorsten,Frei,49,33714
CDU/CSU,11004409,Tino,Sorge,63,33609
CDU/CSU,11004110,Mathias,Middelberg,53,33123
CDU/CSU,11004285,Fritz,Güntzler,41,31961
CDU/CSU,11004339,Andreas,Lenz,54,30861
CDU/CSU,11004452,Emmi,Zeulner,64,30325
CDU/CSU,11005257,Klaus,Wiener,51,29146
CDU/CSU,11004418,Johannes,Steiniger,40,28826
CDU/CSU,11003589,Stephan,Mayer,49,28739
CDU/CSU,11003574,Günter,Krings,41,27886
CDU/CSU,11004048,Florian,Hahn,54,27421
CDU/CSU,11004901,Katrin,Staffler,49,26572
CDU/CSU,11004087,Ulrich,Lange,61,26074
CDU/CSU,11004832,Sepp,Müller,45,25788
CDU/CSU,11004011,Steffen,Bilger,44,25151
CDU/CSU,11004152,Detlef,Seif,48,25129
CDU/CSU,11005190,Lars,Rohwer,52,24811
CDU/CSU,11004440,Anja,Weisgerber,44,24663
CDU/CSU,11004926,Christoph,de Vries,49,24574
CDU/CSU,11005030,Simone,Borchardt,49,23630
CDU/CSU,11004709,Thomas,Erndl,46,23235
CDU/CSU,11005085,Susanne,Hierl,44,22958
CDU/CSU,11004779,Michael,Kießling,43,22904
CDU/CSU,11004853,Stephan,Pilsinger,44,22627
CDU/CSU,11004169,Stephan,Stracke,36,22558
CDU/CSU,11004365,Wilfried,Oellers,42,22309
CDU/CSU,11005118,Tilman,Kuban,47,22164
CDU/CSU,11004912,Hermann-Josef,Tebroke,26,21867
CDU/CSU,11004741,Thomas,Heilmann,31,21689
CDU/CSU,11003742,Michael,Brand,31,21633
CDU/CSU,11004264,Hansjörg,Durz,36,21387
CDU/CSU,11005159,Maximilian,Mörseburg,34,21159
CDU/CSU,11005069,Ingeborg,Gräßle,40,20817
CDU/CSU,11004336,Silke,Launert,32,20811
CDU/CSU,11003613,Daniela,Ludwig,38,20748
CDU/CSU,11004854,Christoph,Ploß,43,20631
CDU/CSU,11003706,Artur,Auernhammer,44,20453
CDU/CSU,11004004,Peter,Aumer,35,19615
CDU/CSU,11004018,Reinhard,Brandl,40,19564
CDU/CSU,11003815,Carsten,Müller,43,19463
CDU/CSU,11004443,Kai,Whittaker,32,19119
CDU/CSU,11005182,Martin,Plum,33,18985
CDU/CSU,11005032,Michael,Breilmann,30,18964
CDU/CSU,11002812,Max,Straubinger,39,18741
CDU/CSU,11005002,Knut,Abraham,38,18730
CDU/CSU,11004327,Georg,Kippels,36,18234
CDU/CSU,11004286,Christian,Haase,32,17942
CDU/CSU,11004366,Florian,Oßner,33,17938
CDU/CSU,11004681,Silvia,Breher,44,17898
CDU/CSU,11004437,Nina,Warken,29,17834
CDU/CSU,11004241,Stephan,Albani,36,17807
CDU/CSU,11004829,Axel,Müller,32,17580
CDU/CSU,11005263,Mareike Lotte,Wulf,40,17225
CDU/CSU,11004038,Thomas,Gebhart,38,17113
CDU/CSU,11004068,Roderich,Kiesewetter,25,17018
CDU/CSU,11003514,Gitta,Connemann,30,16956
CDU/CSU,11005106,Ottilie,Klein,38,16923
CDU/CSU,11004311,Erich,Irlstorfer,31,16876
CDU/CSU,11004883,Felix,Schreiner,31,16589
CDU/CSU,11003636,Thomas,Silberhorn,33,16479
CDU/CSU,11004337,Katja,Leikert,29,16059
CDU/CSU,11005185,Markus,Reichel,33,16047
CDU/CSU,11005063,Jonas,Geissler,31,15637
CDU/CSU,11004841,Petra,Nicolaisen,32,15560
CDU/CSU,11004056,Ansgar,Heveling,29,15464
CDU/CSU,11004146,Patrick,Schnieder,23,15394
CDU/CSU,11004398,Jana,Schimke,27,15195
CDU/CSU,11005110,Anne,König,26,15153
CDU/CSU,11002666,Hermann,Gröhe,24,15039
CDU/CSU,11005052,Martina,Englhardt-Kopf,33,14977
CDU/CSU,11004415,Albert,Stegemann,31,14958
CDU/CSU,11003264,Klaus-Peter,Willsch,21,14947
CDU/CSU,11005068,Fabian,Gramling,24,14686
CDU/CSU,11004108,Andreas,Mattfeldt,17,14660
CDU/CSU,11004262,Michael,Donth,35,14497
CDU/CSU,11004292,Matthias,Hauer,26,14409
CDU/CSU,11004924,Kerstin,Vieregge,29,14264
CDU/CSU,11004744,Marc,Henrichmann,20,14243
CDU/CSU,11004383,Alexander,Radwan,22,14133
CDU/CSU,11005035,Yannick,Bury,20,14065
CDU/CSU,11004073,Axel,Knoerig,24,13538
CDU/CSU,11004414,Wolfgang,Stefinger,32,13509
CDU/CSU,11004770,Ingmar,Jung,24,13407
CDU/CSU,11005205,Christiane,Schenderlein,25,13231
CDU/CSU,11002733,Michael,Meister,20,13028
CDU/CSU,11003259,Annette,Widmann-Mauz,24,12980
CDU/CSU,11005050,Alexander,Engelhard,30,12953
CDU/CSU,11004867,Stefan,Rouenhoff,21,12840
CDU/CSU,11005087,Franziska,Hoppermann,20,12768
CDU/CSU,11005266,Nicolas,Zippelius,25,12709
CDU/CSU,11004893,Björn,Simon,20,12467
CDU/CSU,11003544,Olav,Gutting,20,12413
CDU/CSU,11005171,Moritz,Oppelt,20,12411
CDU/CSU,11004021,Ralph,Brinkhaus,10,12285
CDU/CSU,11002765,Norbert,Röttgen,19,12233
CDU/CSU,11004845,Josef,Oster,29,11945
CDU/CSU,11003646,Antje,Tillmann,19,11688
CDU/CSU,11005233,Diana,Stöcker,25,11673
CDU/CSU,11004323,Anja,Karliczek,24,11537
CDU/CSU,11005254,Maria-Lena,Weiss,19,11424
CDU/CSU,11004699,Astrid,Damerow,26,11364
CDU/CSU,11004305,Hendrik,Hoppenstedt,44,11320
CDU/CSU,11004298,Mark,Helfrich,21,11313
CDU/CSU,11005193,Thomas,Röwekamp,27,11211
CDU/CSU,11004332,Carsten,Körber,14,11040
CDU/CSU,11004010,Peter,Beyer,18,10973
CDU/CSU,11004384,Alois,Rainer,18,10912
CDU/CSU,11004382,Kerstin,Radomski,18,10862
CDU/CSU,11003525,Enak,Ferlemann,19,10840
CDU/CSU,11004113,Dietrich,Monstadt,19,10448
CDU/CSU,11005184,Henning,Rehbaum,25,10131
CDU/CSU,11005037,Mario,Czaja,19,10092
CDU/CSU,11003865,Elisabeth,Winkelmeier-Becker,19,10088
CDU/CSU,11005048,Ralph,Edelhäußer,18,10066
CDU/CSU,11003573,Gunther,Krichbaum,13,10015
CDU/CSU,11004071,Volkmar,Klein,22,9966
CDU/CSU,11005163,Stefan,Nacke,20,9946
CDU/CSU,11005146,Volker,Mayer-Lay,21,9942
CDU/CSU,11003821,Henning,Otte,18,9886
CDU/CSU,11003890,Christian,Hirte,18,9781
CDU/CSU,11004034,Michael,Frieser,19,9758
CDU/CSU,11004352,Jan,Metzler,14,9575
CDU/CSU,11004673,Marc,Biadacz,29,9501
CDU/CSU,11003799,Paul,Lehrieder,11,9371
CDU/CSU,11003734,Thomas,Bareiß,13,9249
CDU/CSU,11004294,Stefan,Heck,19,9168
CDU/CSU,11005258,Tobias,Winkler,19,9060
CDU/CSU,11005138,Klaus,Mack,19,9026
CDU/CSU,11003510,Helge,Braun,11,8968
CDU/CSU,11005235,Christina,Stumpp,17,8835
CDU/CSU,11003761,Monika,Grütters,16,8723
CDU/CSU,11005160,Florian,Müller,21,8636
CDU/CSU,11004283,Oliver,Grundmann,12,8525
CDU/CSU,11004036,Ingo,Gädechens,11,8496
CDU/CSU,11004800,Jens,Lehmann,19,8493
CDU/CSU,11005198,Catarina,dos Santos-Wintz,13,8288
CDU/CSU,11004645,Markus,Uhl,11,8212
CDU/CSU,11004019,Heike,Brehmer,11,8170
CDU/CSU,11005093,Anne,Janssen,17,8025
CDU/CSU,11004252,André,Berghegger,9,8024
CDU/CSU,11004052,Mechthild,Heil,12,7913
CDU/CSU,11004168,Dieter,Stier,15,7803
CDU/CSU,11000975,Hubert,Hüppe,14,7751
CDU/CSU,11002754,Thomas,Rachel,19,7504
CDU/CSU,11005072,Serap,Güler,20,7382
CDU/CSU,11004655,Norbert Maria,Altenkamp,14,7213
CDU/CSU,11004139,Erwin,Rüddel,16,7189
CDU/CSU,11004136,Josef,Rief,12,7133
CDU/CSU,11004915,Hans-Jürgen,Thies,14,6486
CDU/CSU,11004934,Bettina Margarethe,Wiesmann,13,6331
CDU/CSU,11003597,Stefan,Müller,10,6089
CDU/CSU,11004938,Paul,Ziemiak,10,6032
CDU/CSU,11004806,Bernhard,Loos,13,5971
CDU/CSU,11005244,Oliver,Vogt,15,5862
CDU/CSU,11005304,Alexander,Föhr,10,5711
CDU/CSU,11002718,Armin,Laschet,9,5709
CDU/CSU,11003542,Markus,Grübel,14,5563
CDU/CSU,11004271,Uwe,Feiler,7,5470
CDU/CSU,11004098,Carsten,Linnemann,9,5277
CDU/CSU,11003582,Patricia,Lips,10,5215
CDU/CSU,11003541,Michael,Grosse-Brömer,11,5196
CDU/CSU,11004617,Ronja,Kemmer,8,5090
CDU/CSU,11005218,Armin,Schwarz,11,4807
CDU/CSU,11004269,Hermann,Färber,9,4527
CDU/CSU,11003655,Marco,Wanderwitz,6,4508
CDU/CSU,11004331,Markus,Koob,7,4258
CDU/CSU,11004369,Ingrid,Pahlmann,6,3907
CDU/CSU,11003789,Jens,Koeppen,6,3720
CDU/CSU,11004670,Melanie,Bernstein,7,3658
CDU/CSU,11004684,Carsten,Brodesser,6,3652
CDU/CSU,11004182,"Johann
                        David",Wadephul,6,3438
CDU/CSU,11005033,Marlon,Bröhr,5,2848
CDU/CSU,11004346,Yvonne,Magwas,4,2120
CDU/CSU,11003551,Michael,Hennrich,3,2074
CDU/CSU,11002667,Manfred,Grund,3,1814
CDU/CSU,11003639,Christian,Freiherr von Stetten,2,1749
CDU/CSU,11005198,Catarina,dos Santos Firnhaber,3,1418
CDU/CSU,11004425,Astrid,Timmermann-Fechter,4,1388
CDU/CSU,11003643,Gero,Storjohann,2,1269
CDU/CSU,11004187,Sabine,Weiss,3,1261
CDU/CSU,11003620,Albert,Rupprecht,3,1001
CDU/CSU,11003639,Christian,"Freiherr von
                    Stetten",1,716
CDU/CSU,11003625,Andreas,Scheuer,1,697
CDU/CSU,11001772,Peter,Ramsauer,1,630
CDU/CSU,11004065,Stefan,Kaufmann,1,550
CDU/CSU,11004814,Astrid,Mannes,1,529
CDU/CSU,11005263,"Mareike
                                    Lotte",Wulf,1,68
Die Linke,11004091,Ralph,Lenkert,140,44886
Die Linke,11005260,Janine,Wissler,91,41133
Die Linke,11005186,Heidi,Reichinnek,73,39136
Die Linke,11003584,Gesine,Lötzsch,91,36826
Die Linke,11003034,Dietmar,Bartsch,52,33254
Die Linke,11005289,Clara,Bünger,86,32721
Die Linke,11005067,Christian,Görke,84,29843
Die Linke,11005123,Ina,Latendorf,77,29821
Die Linke,11003848,Petra,Sitte,70,27545
Die Linke,11004181,Kathrin,Vogler,79,27517
Die Linke,11004041,Nicole,Gohlke,65,26183
Die Linke,11005073,Ates,Gürpinar,60,25039
Die Linke,11004819,Pascal,Meiser,53,22838
Die Linke,11004088,Caren,Lay,65,21644
Die Linke,11004823,Amira,Mohamed Ali,27,20950
Die Linke,11004865,Bernd,Riexinger,53,20169
Die Linke,11004653,Gökay,Akbulut,50,19076
Die Linke,11004703,Anke,Domscheit-Berg,40,17558
Die Linke,11004715,Susanne,Ferschl,52,16786
Die Linke,11000756,Gregor,Gysi,31,16469
Die Linke,11004848,Sören,Pellmann,36,16054
Die Linke,11004288,André,Hahn,36,15542
Die Linke,11003753,Klaus,Ernst,30,15357
Die Linke,11003858,Alexander,Ulrich,29,15069
Die Linke,11004385,Martina,Renner,41,14484
Die Linke,11004103,Thomas,Lutze,38,12696
Die Linke,11003746,Sevim,Dağdelen,30,12162
Die Linke,11005082,Susanne,Hennig-Wellsow,35,12155
Die Linke,11004060,Andrej,Hunko,29,10474
Die Linke,11004012,Matthias W.,Birkwald,32,10329
Die Linke,11003790,Jan,Korte,16,9111
Die Linke,11005007,Ali,Al-Dailami,21,8782
Die Linke,11004837,Zaklin,Nastic,23,8352
Die Linke,11005127,Christian,Leye,16,7792
Die Linke,11004849,Victor,Perli,18,7726
Die Linke,999990123,Clara,Bünger,23,7045
Die Linke,11004111,Cornelia,Möhring,18,6884
Die Linke,11003206,Petra,Pau,21,6727
Die Linke,11004693,Jörg,Cezanne,19,6686
Die Linke,11004911,Jessica,Tatti,16,6165
Die Linke,11004183,Sahra,Wagenknecht,4,1746
Die Linke,11003786,Katja,Kipping,1,470
Die Linke,11004012,"Matthias
                                W.",Birkwald,1,431
FDP,11004175,Stephan,Thomae,97,58306
FDP,11005117,Michael,Kruse,72,52951
FDP,11004705,Christian,Dürr,46,49667
FDP,11004786,Lukas,Köhler,59,44123
FDP,11004796,Konstantin,Kuhle,61,41731
FDP,11005129,Thorsten,Lieb,65,40932
FDP,11003530,Otto,Fricke,53,40232
FDP,11004057,Manuel,Höferlin,60,38594
FDP,11004763,Reinhard,Houben,86,38402
FDP,11004799,Ulrich,Lechte,62,33784
FDP,11004697,Carl-Julius,Cronenberg,57,32344
FDP,11005158,Maximilian,Mordhorst,62,32265
FDP,11005234,Konrad,Stockmeier,60,30035
FDP,11004716,Daniel,Föst,54,29758
FDP,11004780,Karsten,Klein,41,29692
FDP,11005238,Jens,Teutrine,56,28290
FDP,11005094,Ann-Veruschka,Jurisch,60,28052
FDP,11004734,Thomas,Hacker,44,27442
FDP,11004745,Markus,Herbrand,56,27148
FDP,11004075,Pascal,Kober,44,25533
FDP,11005058,Maximilian,Funke-Kaiser,46,24436
FDP,11005220,Stephan,Seiter,55,23907
FDP,11004159,Judith,Skudelny,38,22450
FDP,11004922,Andrew,Ullmann,35,22334
FDP,11004815,Till,Mansmann,48,21616
FDP,11004913,Linda,Teuteberg,33,21556
FDP,11004754,Gero Clemens,Hocker,39,21382
FDP,11004941,Gyde,Jensen,33,20986
FDP,11005075,Philipp,Hartewig,41,20964
FDP,11004948,Peter,Heidt,34,20308
FDP,11004923,Gerald,Ullrich,28,19910
FDP,11004828,Alexander,Müller,43,19823
FDP,11005215,Ria,Schröder,46,19546
FDP,11004742,Katrin,Helling-Plahr,47,19386
FDP,11005273,Claudia,Raffelhüschen,29,19011
FDP,11004789,Carina,Konrad,37,18913
FDP,11004667,Olaf,in der Beek,36,18411
FDP,11004666,Jens,Beeck,27,17764
FDP,11004179,Johannes,Vogel,26,17552
FDP,11005299,Nils,Gründer,41,17120
FDP,11004820,Christoph,Meyer,35,16547
FDP,11003834,Frank,Schäffler,33,16311
FDP,11004003,Christine,Aschenberg-Dugnus,28,16042
FDP,11004712,Marcus,Faber,31,15758
FDP,11004906,Marie-Agnes,Strack-Zimmermann,28,15709
FDP,11005001,Valentin,Abel,31,15317
FDP,11004757,Christoph,Hoffmann,44,15204
FDP,11004095,Lars,Lindemann,24,14230
FDP,11004661,Nicole,Bauer,32,14134
FDP,11005216,Anja,Schulz,30,13938
FDP,11005136,Kristine,Lütke,30,13863
FDP,11005150,Anikó,Glogowski-Merten,25,13313
FDP,11005223,Rainer,Semet,24,13139
FDP,11005008,Muhanad,Al-Halak,33,13071
FDP,11004798,Alexander,Graf Lambsdorff,18,12422
FDP,11005028,Friedhelm,Boginski,27,12140
FDP,11003802,Michael Georg,Link,17,11981
FDP,11004746,Torsten,Herbst,19,11635
FDP,11004222,Manfred,Todtenhausen,22,11552
FDP,11005125,Jürgen,Lenders,21,10967
FDP,11005003,Katja,Adler,24,10758
FDP,11004229,Hagen,Reinhold,18,10653
FDP,11004956,Sandra,Bubendorfer-Licht,24,10508
FDP,11004931,Nicole,Westig,22,9665
FDP,11001235,Wolfgang,Kubicki,17,9511
FDP,11005183,Volker,Redder,19,9489
FDP,11005027,Ingo,Bodtke,19,8945
FDP,11004929,Sandra,Weeser,15,8834
FDP,11004654,Renata,Alt,18,8102
FDP,11004029,Bijan,Djir-Sarai,11,7697
FDP,11004097,Christian,Lindner,6,7639
FDP,11004864,Bernd,Reuther,20,7596
FDP,11004871,Christian,Sauter,13,7539
FDP,11004834,Frank,Müller-Rosentritt,14,7509
FDP,11005061,Martin,Gassner-Herz,16,7119
FDP,11005064,Knut,Gerschau,17,5960
FDP,11004890,Matthias,Seestern-Pauly,13,5941
FDP,11004783,Katharina,Willkomm,13,5576
FDP,11005076,Ulrike,Harzer,13,5420
FDP,11005239,Nico,Tippelt,12,4978
FDP,11004754,"Gero
                    Clemens",Hocker,8,4867
FDP,11004023,Marco,Buschmann,7,4372
FDP,11004690,Karlheinz,Busen,12,3928
FDP,11004908,Benjamin,Strasser,7,3872
FDP,11005308,Christian,Bartelt,6,3530
FDP,11005150,Anikó,Merten,6,2827
FDP,11004952,Reginald,Hanke,3,1732
FDP,11005316,Fabian,Griewel,4,1725
FDP,11005317,Julian,Grünke,2,1157
FDP,11003802,"Michael
                            Georg",Link,2,989
FDP,11004750,Katja,Hessel,2,969
FDP,11004677,Mario,Brandenburg,2,948
FDP,11004914,Michael,Theurer,1,842
FDP,11004676,Jens,Brandenburg,1,642
FDP,11005309,Tim,Wagner,1,574
FDP,11004902,Bettina,Stark-Watzinger,1,374
FDP,11003856,Florian,Toncar,1,328
SPD,11004802,Helge,Lindh,107,77340
SPD,11004396,Nina,Scheer,101,67839
SPD,11005191,Sebastian,Roloff,75,51910
SPD,11004444,Dirk,Wiese,64,44727
SPD,11004884,Michael,Schrodi,64,43178
SPD,11005024,Bengt,Bergt,59,43021
SPD,11005049,Sonja,Eichwede,70,42987
SPD,11004258,Bernhard,Daldrup,65,40544
SPD,11004291,Sebastian,Hartmann,55,40337
SPD,11005056,Sebastian,Fiedler,47,39935
SPD,11005151,Robin,Mesarosch,53,39059
SPD,11004732,Timon,Gremmels,52,35395
SPD,11005251,Carmen,Wegge,63,35240
SPD,11005115,Dunja,Kreiser,64,34030
SPD,11005131,Esra,Limbacher,52,30326
SPD,11003599,Rolf,Mützenich,22,30243
SPD,11005241,Derya,Türk-Nachbaur,43,28752
SPD,11004270,Johannes,Fechner,42,26476
SPD,11005221,Lina,Seitzl,55,26197
SPD,11005010,Johannes,Arlt,43,25918
SPD,11005195,Tina,Rudolph,37,25773
SPD,11005103,Franziska,Kersten,44,25753
SPD,11005036,Isabel,Cademartori Dujisin,43,25596
SPD,11003846,Frank,Schwabe,38,25353
SPD,11005247,Carolin,Wagner,44,24709
SPD,11005229,Ralf,Stegner,31,24421
SPD,11005089,Verena,Hubertz,43,24341
SPD,11005236,Ruppert,Stüwe,48,24251
SPD,11005109,Tim,Klüssendorf,35,24138
SPD,11004876,Nils,Schmid,40,24020
SPD,11004881,Johannes,Schraps,35,23942
SPD,11005206,Peggy,Schierenbeck,44,23872
SPD,11004442,Bernd,Westphal,41,23753
SPD,11005142,Zanda,Martens,41,23728
SPD,11005077,Frauke,Heiligenstadt,39,23542
SPD,11004603,Jens,Zimmermann,39,23531
SPD,11004244,Heike,Baehrens,43,23482
SPD,11005108,Annika,Klose,43,23476
SPD,11005128,Luiza,Licina-Bode,32,23426
SPD,11005267,Armand,Zorn,35,23396
SPD,11005015,Daniel,Baldy,34,22704
SPD,11005021,Holger,Becker,43,22451
SPD,11005097,Carlos,Kasper,38,22083
SPD,11005038,Hakan,Demir,35,22065
SPD,11004701,Esther,Dilcher,25,21586
SPD,11004921,Markus,Töns,30,21368
SPD,11005084,Nadine,Heselhaus,40,21315
SPD,11004959,Dorothee,Martin,40,20950
SPD,11004388,Dennis,Rohde,23,20901
SPD,11005140,Holger,Mann,34,20898
SPD,11005105,Helmut,Kleebank,38,20833
SPD,11004710,Wiebke,Esdar,30,20514
SPD,11005143,Parsa,Marvi,38,20285
SPD,11005249,Maja,Wallstein,35,20171
SPD,11005147,Andreas,Mehltretter,34,20145
SPD,11005165,Rasha,Nasr,35,20106
SPD,11005098,Anna,Kassautzki,29,20021
SPD,11005041,Jan,Dieren,33,19958
SPD,11004448,Gülistan,Yüksel,36,19393
SPD,11005181,Jan,Plobner,38,19211
SPD,11005188,Ye-One,Rhie,34,19042
SPD,11004063,Oliver,Kaczmarek,24,18849
SPD,11003809,Matthias,Miersch,28,18741
SPD,11005148,Takis,Mehmet Ali,29,18721
SPD,11004257,Lars,Castellucci,27,18639
SPD,11005112,Simona,Koß,38,18359
SPD,11004413,Martina,Stamm-Fibich,31,18299
SPD,11003715,Lars,Klingbeil,16,18281
SPD,11005090,Markus,Hümpfer,39,18176
SPD,11004355,Susanne,Mittag,31,17806
SPD,11005250,Hannes,Walter,31,17046
SPD,11005176,Mathias,Papendieck,28,16671
SPD,11005169,Jörg,Nürnberger,24,16433
SPD,11005192,Jessica,Rosenthal,26,16276
SPD,11004424,Michael,Thews,18,16154
SPD,11005025,Jakob,Blankenburg,28,16079
SPD,11005256,Lena,Werner,30,16070
SPD,11004683,Leni,Breymaier,31,16029
SPD,11005057,Fabian,Funke,23,15696
SPD,11005262,Herbert,Wollmann,27,15514
SPD,11003545,Bettina,Hagedorn,22,15243
SPD,11004950,Joe,Weingarten,29,14925
SPD,11005139,Erik,von Malottki,28,14919
SPD,11005168,Brian,Nickholz,28,14899
SPD,11005141,Kaweh,Mansoori,26,14849
SPD,11005005,Adis,Ahmetovic,22,14434
SPD,11004426,Carsten,Träger,27,14424
SPD,11005137,Tanja,Machalet,34,14413
SPD,11004686,Katrin,Budde,19,14321
SPD,11004392,Bernd,Rützel,29,14216
SPD,11005301,Alexander,Bartz,24,14050
SPD,11004378,Achim,Post,18,13927
SPD,11005051,Heike,Engelhardt,32,13865
SPD,11004259,Karamba,Diaby,34,13847
SPD,11005268,Katrin,Zschau,24,13812
SPD,11005096,Macit,Karaahmetoğlu,23,13657
SPD,11004904,Mathias,Stein,28,13603
SPD,11005000,Sanae,Abdi,31,13369
SPD,11005178,Jens,Peick,26,13348
SPD,11003816,Detlef,Müller,19,13105
SPD,11005119,Kevin,Kühnert,13,12831
SPD,11005144,Franziska,Mascheck,28,12708
SPD,11004407,Andreas,Schwarz,17,12641
SPD,11004401,Dagmar,Schmidt,19,12602
SPD,11005240,Anja,Troff-Schaffarzyk,27,12568
SPD,11004296,Gabriela,Heinrich,20,12393
SPD,11005107,Kristian,Klinck,22,12331
SPD,11004947,Nezahat,Baradari,29,12275
SPD,11005044,Falko,Droßmann,23,12118
SPD,11004614,Angelika,Glöckner,23,12066
SPD,11005202,Rebecca,Schamber,24,12016
SPD,11005177,Natalie,Pawlik,26,11934
SPD,11005194,Thorsten,Rudolph,18,11902
SPD,11003624,Axel,Schäfer,19,11862
SPD,999990129,Daniel,Rinkert,24,11835
SPD,11004039,Michael,Gerdes,23,11825
SPD,11004295,Dirk,Heidenblut,20,11541
SPD,11005062,Manuel,Gava,20,11453
SPD,11004942,Marja-Liisa,Völlers,16,11385
SPD,11005088,Jasmina,Hostert,26,11319
SPD,11003830,Sönke,Rix,16,11285
SPD,11004771,Elisabeth,Kaiser,19,11262
SPD,11004282,Uli,Grötsch,20,11107
SPD,11004246,Ulrike,Bahr,23,11055
SPD,11004389,Martin,Rosemann,20,11030
SPD,11004289,Metin,Hakverdi,15,10983
SPD,11005174,Christos,Pantazis,24,10976
SPD,11005170,Lennard,Oehl,19,10937
SPD,11005081,Anke,Hennig,22,10693
SPD,11005252,Melanie,Wegling,21,10528
SPD,11005153,Kathrin,Michel,18,10494
SPD,11005204,Johannes,Schätzl,23,10345
SPD,11004412,Svenja,Stadler,17,10325
SPD,11005054,Ariane,Fäscher,18,10278
SPD,11003758,Martin,Gerster,13,10132
SPD,11005208,Christoph,Schmid,15,10079
SPD,11004226,Wolfgang,Hellmich,16,9829
SPD,11004949,Isabel,Mackensen-Geis,19,9651
SPD,11004317,Frank,Junge,14,9609
SPD,11005231,Nadja,Sthamer,23,9487
SPD,11005161,Michael,Müller,14,9452
SPD,11004287,Rita,Hagl-Kehl,17,9408
SPD,11005213,Christian,Schreider,17,9302
SPD,11004359,Michelle,Müntefering,13,9267
SPD,11005199,Ingo,Schäfer,15,9241
SPD,11004267,Saskia,Esken,11,9158
SPD,11004605,Christian,Petry,14,8956
SPD,11005043,Felix,Döring,14,8721
SPD,11005211,Daniel,Schneider,15,8578
SPD,11005040,Martin,Diedenhofen,15,8496
SPD,11004878,Uwe,Schmidt,11,8492
SPD,11003199,Dietmar,Nietan,13,8470
SPD,11004844,Josephine,Ortleb,20,8311
SPD,11004387,Andreas,Rimkus,14,8289
SPD,11005135,Bettina,Lugk,12,7978
SPD,11003782,Josip,Juratovic,13,7969
SPD,11005154,Matthias David,Mieves,15,7860
SPD,11005046,Axel,Echeverria,13,7846
SPD,11005122,Andreas,Larem,16,7823
SPD,11004824,Falko,Mohrs,15,7697
SPD,11003213,Michael,Roth,11,7577
SPD,11005116,Martin,Kröber,14,7327
SPD,11005207,Timo,Schisanowski,19,7033
SPD,11005120,Sarah,Lahrkamp,13,6856
SPD,11005175,Wiebke,Papenbrock,10,6801
SPD,11004639,Jürgen,Coße,10,6526
SPD,11005302,Emily,Vontz,10,6347
SPD,11004953,Sylvia,Lehmann,12,6292
SPD,11004397,Udo,Schiefner,11,6198
SPD,11005023,Jürgen,Berghahn,12,6175
SPD,11003838,Marianne,Schieder,11,5924
SPD,11004377,Sabine,Poschmann,13,5673
SPD,11004423,Claudia,Tausend,9,5314
SPD,11004386,Daniela,De Ridder,17,5079
SPD,11003804,Katja,Mast,15,4963
SPD,11005124,Kevin,Leiser,10,4848
SPD,11004325,Gabriele,Katzmarek,10,4699
SPD,11004381,Martin,Rabanus,11,4692
SPD,11005009,Dagmar,Andres,10,4307
SPD,11005304,Dirk-Ulrich,Mende,7,4216
SPD,11005310,Nadine,Ruf,7,4089
SPD,11003440,Kerstin,Griese,5,3814
SPD,11004261,Sabine,Dittmar,5,3808
SPD,11004393,Johann,Saathoff,6,3731
SPD,11004433,Dirk,Vöpel,7,3667
SPD,11004124,Aydan,Özoğuz,6,3366
SPD,11004358,Bettina,Müller,6,3304
SPD,11005306,Ana-Maria,Trăsnea,6,3262
SPD,11004825,Claudia,Moll,7,3180
SPD,11004103,Thomas,Lutze,8,2676
SPD,11005101,Rainer Johannes,Keller,5,2628
SPD,11003797,Karl,Lauterbach,6,2594
SPD,11004150,Stefan,Schwartze,7,2409
SPD,11005179,Andreas,Philippi,3,2167
SPD,11004328,Cansel,Kiziltepe,3,1364
SPD,11003142,Hubertus,Heil,1,1091
SPD,11005313,Angela,Hohmann,3,1081
SPD,11005314,Heike,Heubach,2,1069
SPD,11005148,Takis,"Mehmet
                                Ali",1,945
SPD,11003732,Niels,Annen,1,855
SPD,11004368,Mahmut,Özdemir,1,841
SPD,11004713,Yasmin,Fahimi,1,710
SPD,11005243,Frank,Ullrich,1,703
SPD,11005318,Lucia,Schanbacher,1,682
SPD,11005139,Erik,"von
                                Malottki",1,588
SPD,11004033,Edgar,Franke,1,579
SPD,11004386,Daniela,"De
                    Ridder",1,577
SPD,11005006,Reem,Alabali-Radovan,1,534
SPD,11004282,Ulrich,Grötsch,1,434
SPD,999990130,Alexander,Bartz,1,413
SPD,11004826,Siemtje,Möller,1,263
SPD,999990132,Emily,Vontz,2,191
SPD,11003231,Olaf,Scholz,2,101
SPD,11004006,Bärbel,Bas,2,49
